MXene (mg/mL),Laminin peptide (ug/mL),Electric stimulation (Hz),Voltage (V),Cell viability (%),Cell viability Index
0.29907254394079813,-0.002694003984763937,0.9984216385095445,1.9970381356407887,36.0,0.0
0.13587689750308307,29.99625402579815,0.0019364157778728717,0.002713684891301381,124.0,1.0
0.09791175685698403,50.000969377364434,2.999780729852163,1.0085120709057025,63.0,0.5
0.3007613881677584,-0.0028486923841573417,0.0006676641714694778,-0.000507293325470897,101.0,1.0
0.0010529090992842144,50.00061979541423,0.4983844932824708,2.002792816941639,76.0,0.5
0.19738997137677194,150.00015788873617,0.5021260245552227,0.1007074844794557,69.0,0.5
-0.0031616522256445426,50.004719190036305,2.9966681659739995,2.9968228311453506,56.0,0.0
0.09982594493330314,0.0015212455116515075,0.49707777656160834,0.10114799690324913,78.0,0.5
0.296878434604607,49.99647129016974,2.9954959913037773,1.9961963173136141,42.0,0.0
0.0024225585290021715,49.99831638892528,2.99842291785911,1.9977193680496848,61.0,0.5
-0.0020640374427469492,149.99781460985855,0.49487764620734215,0.09936541306392875,91.0,1.0
0.13539871205451262,29.999748412715505,0.0013663265386090295,0.0028043226718321847,124.0,1.0
0.2976901032594803,50.00207609161296,2.997056090268703,3.0002132065043456,43.0,0.0
0.2997483093967311,0.001453950793263038,1.0012337021584887,2.0017017326832414,36.0,0.0
0.19994159076058213,49.99568181140133,0.9992695190655684,2.9988587036338465,31.0,0.0
0.0006995132922159802,149.99803911072186,-0.0004504417304672313,-0.000309027440194228,111.0,1.0
0.3005672572874687,50.00089933354562,0.0046197855948362605,0.0009332046222022759,96.0,1.0
0.30229778453764433,149.99800147698284,0.9941813311114154,1.9990250497566622,36.0,0.0
0.30246027989783975,149.99635013658408,0.5021973546284283,0.09987258648462737,91.0,1.0
0.09877574430313406,50.00358689796344,-0.0012980642104503954,-0.0033001701933618433,94.0,1.0
0.20100995456332316,49.99928180702349,-0.006949998682384732,-0.003565762818592877,94.0,1.0
0.00459831648729591,150.0043866887906,0.9976326810410551,3.0001059740283367,75.0,0.5
0.09561773640417463,150.00365806752043,0.49756971019514523,2.9943449907114505,36.0,0.0
0.1977986174896585,49.99832303286419,0.5011251774468174,3.0010366100676227,34.0,0.0
0.22616182093230613,39.99967388181544,-0.007292223021891936,-0.0011433110469246698,155.11757,1.0
0.3008599144916072,150.0020051144479,0.49652575652537134,2.997803942074193,44.0,0.0
0.10387270194240415,50.00473512843731,0.5000927263465803,0.09943400563140042,101.0,1.0
0.20162252704752184,50.006592556126996,0.9998696002747386,1.996683824804244,61.0,0.5
0.19960778843592797,49.99381132750724,1.0009596759765707,3.0053106016702027,31.0,0.0
0.19701839032571367,150.00550143482258,0.0021319645607985023,-0.00443689345974019,101.0,1.0
-0.006260375700930464,0.00011087019640707013,2.999868639390323,3.0008834933871693,52.0,0.0
0.09762048735784322,-0.0015259740819747818,2.0011832956654767,1.0028358975066478,84.0,1.0
0.2933313313467785,0.0033678795528076224,7.931425276895757e-05,-0.001906084211396902,78.0,0.5
0.09498294886979874,19.996096413407706,0.5029824522983781,1.006718552796571,136.0,1.0
0.20058025912765312,49.9986675103308,8.733317127990843e-05,0.0020641666522214774,96.0,1.0
0.20399549902069675,149.99798457605314,-0.0030595818937246516,0.0012701575866854043,96.0,1.0
0.09921962748763279,-0.0007107287791491481,0.4987125206085722,3.0025300829569517,30.0,0.0
0.09904606462166365,49.997491921342345,2.0071366538218105,0.09487110336496274,96.0,1.0
0.29561462297159946,0.003686400951584017,0.502501264501822,0.9976932235782427,48.0,0.0
0.0006718809339580164,149.99409471151398,2.996954827093013,0.9998979995796722,102.0,1.0
0.19722447830771928,0.002358008042033701,2.998950719687466,0.10432207897455228,70.0,0.5
0.0007918138925205422,50.00295133996371,3.0016936211486733,2.9963482523651255,56.0,0.0
0.19938418066454927,149.99932454738962,0.0012768526846347157,-0.00023560539057459104,101.0,1.0
0.20648557059519104,49.99788356461857,0.5046592062379063,1.9981394288883272,60.0,0.5
0.1003954763684282,-0.0009812364530333176,0.0037582124379348294,0.004697644679905735,97.0,1.0
0.09654015372008434,49.997541661339945,2.998409671803842,0.9989941632531234,63.0,0.5
0.09808945406057502,50.003268173346434,-0.0004950031206979866,0.00024372121364716817,94.0,1.0
0.30334991499425584,-0.0009396288996386688,-0.001683899742571456,0.0019140774261455554,101.0,1.0
0.3031561625745155,-0.0002820382051175872,0.0011218937095054957,-0.0017664058185765622,101.0,1.0
0.20110918303917164,49.99682874861241,0.0035786162702313917,0.000522261747524531,96.0,1.0
0.19993511000302178,-0.001736750586380725,2.0048556205356003,0.9990263863141658,70.0,0.5
0.2959197574130201,50.003086205788954,1.0048862156252225,1.9993002525349255,35.0,0.0
0.100207958735547,50.00263200906683,1.9965344591278453,0.9976035843960787,87.0,1.0
0.10252497976551878,0.0012406075046210102,-0.002892151261386174,-0.002759574644958838,94.0,1.0
-0.0005406221096004419,0.002411167131546912,3.005999139101701,2.0008699093602194,63.0,0.5
0.24349559034867815,90.00112119880032,0.498914955466121,1.5027168777976285,140.0,1.0
0.20686356744080003,149.99923653382777,3.0054378221883753,2.0025666703556695,38.0,0.0
-0.004395548078994857,149.9996339972344,0.9972544753996024,1.998284783971938,81.0,1.0
0.0023378926688471546,0.0029953373062737315,-0.005318797627946564,0.0023984843676370642,100.0,1.0
0.001923810837354248,-0.0009491920711666347,3.0047335249008364,2.000754507998791,63.0,0.5
0.03738682919416159,0.0033102784607912344,0.5037285737959534,0.9982438525825792,47.0,0.0
-0.0010421530341556261,50.00073566360073,0.0022680559140336714,0.0062961952669884705,102.0,1.0
0.20355714722812154,49.996909113397614,1.9941349787670095,3.0011170752882967,27.0,0.0
0.09373388576752519,0.002871211797307271,2.998323898568468,0.9977446026581187,82.0,1.0
0.0015312224969968884,150.00321942107055,1.0018311673464462,3.0006878129475774,75.0,0.5
0.29658263635316645,149.99664151504072,0.5032731794948391,2.997360418601787,44.0,0.0
0.03814153276906742,-0.0018177544130899342,0.5056321293525279,0.9971517519585609,47.0,0.0
0.011013470804089666,129.99797964007615,0.0013985767230073234,-0.0018148069766253958,155.32503,1.0
0.2983598509499468,49.99759204939476,1.003621476336306,0.09902873197282615,87.0,1.0
0.002462894389581201,50.005858518917506,1.9988363390000479,1.9990246847986712,70.0,0.5
0.003573685345203003,149.99720897761273,0.9995918651110626,0.10664161823704028,91.0,1.0
0.3017956406316931,49.99226799014839,-0.0011175165994971442,-0.003413123940823993,94.0,1.0
0.004681864826323674,49.99782526253415,3.000325938892159,0.10066065821708488,97.0,1.0
0.0012292129300168775,-0.0027849800281519684,2.996280041292512,0.9937962552395556,96.0,1.0
0.2985799078038418,-0.0016362985462376166,2.0047845063823106,0.9946652955705387,79.0,0.5
0.16222279005420792,110.00079731053157,7.589184676795157e-06,-0.00593047799911736,193.56846,1.0
0.29574154418457155,-0.002801828934895246,2.000981587444774,1.0022339165830947,79.0,0.5
0.1989369266778053,50.0025827247005,2.99527308399756,2.9982590775549895,24.0,0.0
0.06899460192953302,20.00471792038829,2.000532408506756,1.4995378206227215,52.42047,0.0
0.09751782835051034,0.002281657337046735,1.0007476925359966,1.9985289929454721,51.0,0.0
0.10448437741825042,0.0040224714766670675,-0.004923830968101537,0.004360373283815419,94.0,1.0
0.19934311019979065,150.0009286993847,0.4981403404901844,0.9935141450019364,50.0,0.0
-0.0006036825302207043,149.99394517587453,1.006227827151165,0.10221605874067953,91.0,1.0
0.29532753840475573,150.00590434113258,2.0026935390105916,0.9991515321554834,110.0,1.0
0.20230703603833267,50.00039272098492,0.0030902539905468375,-0.0029854567843683776,96.0,1.0
0.0030457706597629645,50.00465712508286,2.0019742517145906,1.9982928802730238,70.0,0.5
0.19978614921560003,49.99674321485912,0.997629925759362,1.0050119286537236,61.0,0.5
0.29951930805743293,-0.001598783430694705,1.0006277970581237,2.004337653360428,36.0,0.0
-0.000663868119623546,49.99400625504581,0.49724655113419963,0.09739268840511618,85.0,1.0
0.20179771121746462,149.99992523136797,0.9985367833082154,3.0056829027261753,29.0,0.0
0.20420602699530546,149.9974076241941,2.0038971173631355,1.9994516922241496,42.0,0.0
0.040841632192076587,139.99868170121442,2.50660219182453,1.5001126353055099,67.0,0.5
0.19751007219843064,49.99740599379365,1.9995055278740306,0.0985577812075728,67.0,0.5
0.0018129972037148195,49.998683432630294,3.0021716565322483,0.09715605628334735,97.0,1.0
-0.00647175789771542,0.0018820239097466392,1.0001260591769172,2.9947035333230194,56.0,0.0
0.20013955936935618,150.00145664088748,-0.002070124822131805,-0.00329554829047754,96.0,1.0
-0.0014021786602704982,50.004711927388,2.0008180950638397,1.0022164995159273,97.0,1.0
0.23985156791349124,90.00074174975177,0.503967034946192,1.4978701922734174,140.0,1.0
0.0991282799313627,50.00124854395572,0.49706049129094326,1.001877497113018,89.0,1.0
0.20184399732991912,0.003447376402296786,2.9990765557199723,2.9973696547526067,24.0,0.0
0.10710367903562021,49.99896407422361,2.00137241192784,0.10179348734916713,96.0,1.0
0.2989849297456236,50.0017094189213,1.9962668635075158,0.09475735899389828,81.0,1.0
0.06514949253079087,99.99928517301757,1.001020765541707,1.503666018278297,64.41909,0.5
0.10074100806472992,50.00057838656374,2.998473936273353,2.9995814940940346,28.0,0.0
0.3026009679926829,149.9999732459299,1.0063345286929273,1.996467449642284,36.0,0.0
0.09682995791075323,-0.0032079510053945786,0.49670519825292025,2.003205370626874,74.0,0.5
0.20112856887762082,49.9947253644795,1.0018061543334182,3.003478410280879,31.0,0.0
0.19264395048542482,50.001200991966115,0.9966891477642403,2.9990141043209646,31.0,0.0
0.10251616908097146,-0.0007905518574584386,2.999311696702288,0.9996003059721786,82.0,1.0
0.19951767230585105,0.002661848780365826,0.506228397110152,2.996032218101361,33.0,0.0
0.10214021700884712,50.00100023530222,0.99636164386156,3.003690471287629,34.0,0.0
0.09864204231701393,50.00034404097328,-0.0016228595841581899,0.00384526030216812,87.0,1.0
0.10423902705191179,149.9990803269646,1.0021551339277373,2.999800454335441,33.0,0.0
0.09863313477518025,-0.0025504230248856873,0.0029721225406161562,0.0011199226069482716,94.0,1.0
-0.0005676787932933836,-0.0007899351264267451,1.99819009574091,1.9989272233797666,65.0,0.5
0.0016855871504109618,149.99650055289044,0.9970211169912361,0.9964395344801532,107.0,1.0
0.20248111483828887,50.003200779103224,0.5020819462273682,2.9971314550415533,34.0,0.0
0.19929392614447922,150.00120099290615,2.0038741973332765,0.9960375190022773,49.0,0.0
0.043584670826371345,140.00449170202367,2.508990937388022,1.498715207814688,67.0,0.5
0.1185387518948064,109.999591168557,2.499655827720403,0.9996475915120976,92.0,1.0
-0.0016210598569608415,49.99774379458843,2.0004513893445663,1.0010163219051755,97.0,1.0
0.09848036728671117,-0.0016317397863395335,0.49899817495488163,3.0011384479850607,30.0,0.0
0.19545749101610477,50.00067604809424,2.0043848448610455,2.0014362031302295,46.0,0.0
0.300754383518937,49.99841976590055,0.00015516582153802665,0.005039939399854191,96.0,1.0
0.10220299503188672,-0.0019236428805630337,0.49979027023653666,2.9994569156326922,30.0,0.0
0.09981189841870548,149.99878277235823,0.5026896624033632,3.001431549244912,36.0,0.0
-0.0012607558427166288,-0.0032388005201454836,0.9981583944063984,2.999118025452015,56.0,0.0
0.10364602549268548,149.99737614570213,0.004581857587761984,-0.0004468611110516201,88.0,1.0
0.10151306153108809,0.0011902857962291869,0.4987768063642219,1.9973550618487639,74.0,0.5
0.0013510558955967253,149.99849761032257,3.0017241370054326,1.0000322588562462,102.0,1.0
0.19668413092663317,49.99942351799377,2.9983142558451763,2.0031445027127446,38.0,0.0
0.3012448893110139,149.99921677812503,2.9981684311540997,0.0945976767929906,87.0,1.0
0.28242352103799584,89.9982642221242,0.0022377576902267195,-0.0018730554569027192,130.0,1.0
-0.0029835342010428377,150.00147512610428,2.0047918802430837,0.998840638032135,98.0,1.0
0.006347078837866063,50.00062518707949,1.9990130480178094,1.0026170912221146,97.0,1.0
0.20532377661486598,-0.00040310649430309544,1.0012454916733666,2.999421746116135,35.0,0.0
0.09587223643606667,149.9979437709451,0.9977110437316914,1.9989494233850127,83.0,1.0
0.20412432404710149,149.9985164437245,0.49886646986553795,0.09503085412023013,69.0,0.5
0.20347385682699817,49.99883974663258,1.9979253626837883,1.9990356265022953,46.0,0.0
2.7412902966322893e-05,50.00142058217253,0.5025265096883029,1.0054385330813544,84.0,1.0
0.10431771027931616,150.00081599887133,0.5025154615998445,2.9982884360270994,36.0,0.0
-0.002707095005971864,0.0035501848193189326,2.000735461595087,2.000432475155271,65.0,0.5
0.2000919033790312,49.99578945089497,1.0048245494382995,1.0019327778377258,61.0,0.5
-0.005420811133756319,0.0022799450642180413,0.4995170927133122,0.09918548501250488,79.0,0.5
-0.0032197914357070022,149.99595707351725,-0.0021410672174343205,0.0020453793186179983,111.0,1.0
0.0010251184858612239,149.99908840380422,1.0006129312819068,1.9985919256946905,81.0,1.0
0.274812734817392,89.99948088338404,0.000724730831779433,0.002931738218861071,130.0,1.0
0.09886501217878173,150.00013802866357,0.5044109467790509,0.9961673829925487,88.0,1.0
0.034535296080416736,0.004720238530435839,0.5026998582568809,1.0019958256723263,47.0,0.0
0.30034691690920573,149.99242550280388,2.000152680811451,3.003035455944923,47.0,0.0
0.0007589345483595799,149.99530080861922,-0.0011592544745809244,0.0006077691172923299,111.0,1.0
0.0008146900863315251,150.00177364961527,-0.0003034060737729354,4.233708580018302e-05,106.0,1.0
0.19906685450918654,0.00027366874054878063,1.9987001539279858,0.09923272763040943,67.0,0.5
0.1986445684960765,50.00137935962885,2.0032962406282517,3.0039821151171195,27.0,0.0
-0.0034249147236666126,49.99447456393325,0.001550638663410892,0.0008750999468045076,102.0,1.0
0.1013570603413265,0.0064035276394957714,0.4980332502202856,2.0021505360449945,74.0,0.5
0.07695681432682726,109.99842261724697,1.4987457010152123,1.0029041823272897,53.0,0.0
0.19577469796637445,50.001329373444385,0.997141798084704,0.9938556233784327,61.0,0.5
0.20361541248909124,49.99990443576098,0.9971278057083994,2.0005610040060735,61.0,0.5
-0.002937895423779805,49.997211436891966,1.9992509814596429,2.9974014327187763,61.0,0.5
0.20220139207711102,50.001757475497264,3.0043329827489464,1.999393435272576,38.0,0.0
0.20522300234655544,50.00164009060552,1.0027767922571167,1.9985639419009187,61.0,0.5
0.291311678232477,49.99899885505372,2.0029641553258357,1.9957771594047264,39.0,0.0
0.298066805834837,-0.0018196013967348853,1.998193802428891,0.9978379943468446,79.0,0.5
0.19405065003633523,49.99989373244871,0.5077324632813521,1.005379524040153,67.0,0.5
0.2047156587788639,49.99440444711404,3.000092287146424,1.003805952620792,39.0,0.0
0.002963397276820892,150.00539264866663,2.0026023637840726,0.999957765819301,98.0,1.0
0.2018485607784578,150.00193717967122,0.49859176528213506,0.10180447862398381,69.0,0.5
0.2962616454118528,49.99708514836091,1.9999622615398416,3.0035268866978706,47.0,0.0
0.2037393904426912,49.9936289566076,2.9996003232713937,2.996751026652903,24.0,0.0
0.20144206231590567,50.00099596486522,-0.004351334990178208,0.00012011089315331667,94.0,1.0
0.20144000115486266,49.999614734828555,1.0009105121335218,0.09784153297230117,80.0,1.0
0.29924153658295755,-0.00024657972146135233,1.0009552409001112,2.9946288423658847,42.0,0.0
0.0820876066244445,110.00422559716405,1.5038384247133187,0.9999110587867842,53.0,0.0
0.3012101239177958,149.9997921855448,2.0055472464232764,3.000856322255264,47.0,0.0
-0.004214963675103215,0.0021265205644733793,0.4996606236399405,0.09720208941295187,79.0,0.5
0.10011602078300094,-0.0005174670936996008,-0.0006612812647804187,-0.0037740022127340516,97.0,1.0
0.2947879641234451,150.00029499620547,-0.000329418684668226,-0.003698743678518872,95.0,1.0
0.10158736781163608,0.0010727274292224192,0.9952756192220558,2.006001617893765,51.0,0.0
0.001967972896270026,0.0018899759968124155,0.006063023074482615,8.555712013792125e-05,100.0,1.0
0.10250635959905544,149.99977774931025,0.49693844358508926,0.9994626855754684,88.0,1.0
0.20310240715276173,50.000417258695634,0.4987464880836433,0.9996371382445688,67.0,0.5
0.09418028218392568,49.99840749003843,1.0031748513213523,3.0014735978750626,34.0,0.0
0.19943613040433233,150.00017847689958,1.9998722551704269,1.9995086555282795,42.0,0.0
0.3040130143241356,50.00182855295725,-0.0007417294463755413,-0.005304637998014429,81.0,1.0
-0.003542860181063156,-0.00023555011453935967,2.000372725328797,1.998496945854182,65.0,0.5
0.2986854396445145,149.9999909631726,0.991088155873334,0.9998833869968563,68.0,0.5
0.20106923948915897,0.0005560424194808489,3.001547059184835,0.09520342492626721,70.0,0.5
0.20149675683044035,-0.0008967774778956671,-0.0051771091648702035,0.006938051450187601,91.0,1.0
0.2998477925352772,150.00550424174992,1.997925935328087,1.0015296821886133,110.0,1.0
-0.0013259827065798232,49.99958951543019,-0.0009479151446644743,0.0013784897179393467,102.0,1.0
-0.0011482367412407723,150.00459980754496,3.002576015185937,1.9946196862155852,88.0,1.0
0.23758635686933907,40.003614237547396,-0.001354102094458254,-0.0011951236959801025,144.0,1.0
0.009975595643793928,129.99986089573352,-6.130252063442517e-05,0.0030061246447922844,155.32503,1.0
0.09835227754150129,149.99758941283852,0.998919714961825,0.09727097152129136,78.0,0.5
0.10294698305327915,149.99726286178898,2.995619539571913,2.9970217343573524,28.0,0.0
-0.0029512533070010605,-0.004670102498821544,2.001742820271821,1.9981133462294791,65.0,0.5
0.1440034652936811,30.00159381114987,-0.002018875956155006,-0.0010044427131188749,124.0,1.0
0.08144790602827051,10.000702405991952,1.9977741636469266,0.9979485150681251,77.0,0.5
0.004695040048598489,-0.002875828661812692,1.9991952052332143,2.0028452664048073,65.0,0.5
0.3030656894773874,50.00433383411,2.9968398468322666,1.9994419139576753,42.0,0.0
0.30333034327645,49.995400481208506,2.0041120357569673,0.09667087359528512,81.0,1.0
0.2032756942699387,50.00023353965383,0.501319940261684,1.0013744587801174,67.0,0.5
0.09790880909018125,-0.00027785021143513454,3.0020523960786227,0.1015686097728872,101.0,1.0
0.20411847555277415,49.99950405690079,0.5025634818214031,0.9981576174538661,67.0,0.5
-0.0024162891630619193,150.00065447274676,1.0026217156643444,3.0019830518289363,75.0,0.5
0.30239530818218463,149.99918968641313,2.9949733704992623,2.0035463139266034,43.0,0.0
-0.005672987171059308,0.0003544951087992878,1.0049413912334324,2.998448976522488,56.0,0.0
0.300927698192167,149.9977125398399,2.998772090766812,1.0054006490163436,107.0,1.0
0.00032852353513390247,49.99468337998424,2.00095989579271,3.000102129187556,61.0,0.5
0.00445473318508946,149.99880759621777,0.49924859829090357,0.1006255878976714,91.0,1.0
0.29941431652863326,50.003342179816805,2.0034886096220537,2.0016315347651585,39.0,0.0
0.20257807306240327,150.00039296531386,2.005696418559386,1.9984944467398031,42.0,0.0
0.1022506771642943,150.0046603143965,0.9978485929719314,1.9992940853480525,83.0,1.0
0.19691943698559858,50.001474331188795,2.0028265400735292,3.004955826975796,27.0,0.0
0.10208808233447181,149.99844194784774,0.997211616621119,1.9958929034503168,83.0,1.0
0.1989789121172618,149.99974248841815,2.0028613354850755,2.003198149137182,42.0,0.0
0.0025566445496585243,150.00436563587132,1.995807014803158,1.001347111592121,98.0,1.0
0.16988669565493056,109.99785589116327,-0.001399454546870165,-0.002701470728389423,193.56846,1.0
0.30244939087585404,-0.004835151380153052,0.5044995006738334,1.9952206455051824,35.0,0.0
0.2373776031381163,40.005787822724194,-0.0052214236524412,0.0016925185451255051,144.0,1.0
0.3032927081969587,149.99388917698658,1.997229212914952,0.9956153080035698,110.0,1.0
0.24338958083411757,89.99997392186079,0.4999228936987885,1.5006085431770055,140.0,1.0
0.1943964485584034,49.9939569528385,3.0008415479506105,2.0022743788503248,38.0,0.0
0.299181112333657,149.9994791056743,3.000541703388509,0.10270801913460233,87.0,1.0
0.09786132401198012,150.0013592872843,0.9968010312904081,2.003751542919408,83.0,1.0
0.001199346070813688,49.99426685029769,2.002197332143461,1.9969707209602885,70.0,0.5
0.0071129935566488145,50.00103700581454,0.49938285949438377,0.09798596226390384,85.0,1.0
0.003515742012856461,49.995041978603744,1.000578652080278,1.9995530221493378,75.0,0.5
0.09974173532804659,-0.0013397963937123074,3.0029595494755856,1.5004072597682014,111.0,1.0
0.046299637580806095,69.99904692119296,2.00187223369974,2.0033443340492316,49.10097,0.0
0.006017523228043594,0.004929220176868282,0.005891711993802685,-0.0028604502673331145,100.0,1.0
0.0001362986375257342,0.004535751948991486,2.9945013105602882,0.1037287303068645,86.0,1.0
0.30000019462117955,49.99895133039697,3.0058789896896165,2.0034165658964884,42.0,0.0
0.20070173339856387,-0.0019137962534251467,0.5013539043955414,3.0036620425926026,33.0,0.0
0.30176289464864336,49.99892403774956,1.9996714564154672,0.09795519765117484,81.0,1.0
0.06715260761354434,99.9981923647826,0.9995657780158067,1.4964403713071657,64.41909,0.5
0.2972881157683592,150.00012333940944,0.49797227536391303,0.10250053707224087,91.0,1.0
0.2032916830530594,0.0033968012790695627,3.0004077889721175,3.0029348721747766,24.0,0.0
0.1038243916386239,0.0012907497226231676,0.0011597704001822533,0.0006302863961823824,97.0,1.0
0.09798817944457412,149.99635707843584,2.0035518852082865,2.0088524874562728,60.0,0.5
0.06193453126107673,39.99930131988165,0.0005346842187185508,0.0010307106667174996,141.18257,1.0
0.06322384197067626,99.99887759998542,0.9963022316232024,1.5015730675330832,64.41909,0.5
0.005338566900043429,149.9925229701873,3.0011689712658933,1.9971153522277072,88.0,1.0
0.19952678646620067,49.999419171748634,3.0000485223054927,3.0000171744649506,24.0,0.0
0.2907248574453568,49.996622711469875,1.0002284309424696,0.9980756258532495,64.0,0.5
-0.003086146896623592,150.0026014896082,2.002587238464198,2.0003827994795276,83.0,1.0
0.2977314755077141,150.00213379134757,2.000589945856713,0.10336269682120736,92.0,1.0
0.3025677869332168,4.839003722875253e-05,0.9993370629536654,2.9957337903505348,42.0,0.0
0.19821237869752015,49.996944889559764,2.9964939450976256,3.0007297151072985,24.0,0.0
0.09755513690981575,49.99702973225093,1.997083824155446,1.0027319774368018,87.0,1.0
-0.007087590141462074,-0.0016737842634168849,-0.0002671811954519315,0.0039795459611553325,100.0,1.0
2.9913962144181563e-05,149.99599447367117,2.001030810204036,1.0006589468684262,98.0,1.0
0.19910491462729954,-0.0014602999494453181,0.4996414496038709,0.998316224516084,65.0,0.5
0.08833723870672487,9.997166988934008,2.000013152286629,0.9952743709448153,77.0,0.5
0.30164387926540975,50.00122712215525,2.9987685408002465,1.9970755623977139,42.0,0.0
0.09836872599055321,149.9964468825035,0.49879673857537743,1.0040518201733017,88.0,1.0
0.29741898901668745,-0.0018900059007948302,0.994247653888648,1.997037305719587,36.0,0.0
0.1992193006542575,49.99745184519839,1.996723315101303,2.002237237286726,46.0,0.0
0.3006100637051601,150.00050641756485,1.0019486497214956,0.09980606047460065,84.0,1.0
0.3000649634692732,49.99815228933814,3.0003406838237234,2.999367364232747,43.0,0.0
0.18130124016805785,70.0045143772943,0.49657124642517664,0.9985536526454888,91.0,1.0
0.09461020583095754,20.005774015650257,0.5041724367184817,1.004754578027772,136.0,1.0
0.2955202582614652,50.00387471198757,0.004011825518885391,0.004264336133270629,94.0,1.0
-0.007389607449151043,149.99558780524063,-0.0021151426277026277,-0.0006918697890670347,111.0,1.0
0.30022658606155744,50.00054656013077,3.0056638917702214,0.10133221414236078,70.0,0.5
0.19663221197188221,49.999815193352575,-0.003436269336278117,0.0017881520323803637,96.0,1.0
0.0015734274298670281,49.99935505729732,0.005295724262706227,0.002848642075176941,102.0,1.0
0.2981013007271343,150.00375713430802,0.999857339421566,0.10705927339646643,84.0,1.0
0.10311546856532397,50.00385137896489,1.9976415369344822,0.9999634035231125,87.0,1.0
0.29676861489609135,49.994053853024724,2.9992247507769942,1.9961234638885506,42.0,0.0
0.19619449821789176,49.99957944173477,0.49710278793219015,2.998695477857001,34.0,0.0
0.10047780163465422,149.9982058412111,3.000369548119264,3.004182396953406,28.0,0.0
0.2944979906694108,0.006363275597559664,2.0037361881911178,1.0005768667635886,79.0,0.5
0.2962174817929378,49.99974435970642,0.9995691854232367,1.0012812107361997,64.0,0.5
0.0017349337359905263,150.00061424103274,0.9967553194843328,2.0051655099107313,81.0,1.0
-0.0006052581158506159,50.00769002685299,3.0010080582303966,2.9976633410801696,56.0,0.0
0.09570396817166617,0.0049087412392138305,-0.001385274636174858,-0.0040869664465770245,97.0,1.0
0.2564323448660012,50.00035003128375,3.0015710216996796,1.0000082278968236,51.08921,0.0
0.09845579196960468,149.9996075488366,0.49906077414572947,3.000346631913465,36.0,0.0
-0.0012782186419762257,50.00354730803314,3.000318878086748,2.9984950279997924,56.0,0.0
0.29852647352950806,-0.004746046116083879,0.5021896802017611,1.005397743323981,48.0,0.0
0.11748147170539917,110.00037225817034,2.4979487917646024,0.9974954540496108,92.0,1.0
-0.0001554870732630349,49.99979851544622,2.0009721209754203,1.000719522587113,97.0,1.0
0.2033018467728135,-0.005519604562962093,1.9969838120523915,1.0037754969621033,70.0,0.5
0.1983940846544841,150.00667603917577,2.0002446063183914,1.0010085853469874,49.0,0.0
0.19668821571931747,-0.0008470663879713209,-0.002861206665858676,-0.0007443231509842923,91.0,1.0
0.099017890237276,-0.0011343142915200297,0.9970831831674788,2.0026385472406627,51.0,0.0
0.0953256393795894,-0.005534906347511364,0.998339684352062,0.10056076089570276,79.0,0.1
0.105945240335039,150.00137504547854,3.002524676631711,1.000580971672165,67.0,0.5
0.10466713095498471,149.99771750459314,3.0035140912684244,0.100523603397237,69.0,0.5
0.20399093618330216,150.00244493403582,1.0001671494162483,2.9999438687995017,29.0,0.0
0.30519732257808985,0.0009020401101798246,0.4993086016209474,0.9986240092058031,48.0,0.0
-0.0013580966926358827,149.998739425748,0.9990509820200048,2.0028293149124616,81.0,1.0
-0.0034290888169995625,150.00136475742096,0.0001976143231258872,-0.002217177508016083,111.0,1.0
0.19906587642551968,0.002895636188847624,2.998777492809764,0.10080107372871289,70.0,0.5
0.20110923671677028,-0.0025073677060728286,1.9974753039518995,2.002316681825492,45.0,0.0
0.3018019712268678,-0.002902718784631672,2.9961198805939504,1.0031307048533669,89.0,1.0
0.06302887423186404,99.99942750684006,0.9950712456514672,1.4989422566295632,64.41909,0.5
0.30007640180958833,-0.002391346662910806,3.0049804244622544,1.0050081112523965,89.0,1.0
-0.0077116461010739235,150.00064948914644,0.49930723682968475,2.997021058922917,95.0,1.0
0.006422391088354894,129.9982093198984,0.0005717313128359786,0.004175416345325237,155.32503,1.0
0.19874704606125887,49.99979844512152,0.9969210541314277,2.997673729935929,31.0,0.0
0.09633842104993703,150.00114948523515,-0.002348354221046896,-0.0034432144752893426,88.0,1.0
0.30679167149219305,149.99952993360716,0.00024118676727778312,-0.0016682364150137792,88.0,1.0
0.30336414875498274,150.0018323725144,0.5016306089292802,0.09777994290747898,91.0,1.0
0.10022144346473802,150.00429657099096,0.49746577345679177,2.998630448155483,36.0,0.0
0.30497059076996214,50.00044007984455,-0.0016346397407361048,0.004079636264398197,96.0,1.0
0.3026782236090229,49.99531606051654,0.49847211306910816,0.09945185606883081,100.0,1.0
0.30373637114593244,50.00469333471144,2.000918021819625,2.99774371968108,47.0,0.0
0.10293543487873714,49.99860253467473,2.004215866803426,0.09786807979858622,96.0,1.0
0.1002652519908163,-0.004276228009450028,0.5030193518316047,0.0986394932732343,78.0,0.5
0.10081007873561326,49.99903665307311,1.997280938301053,2.000398740249082,58.0,0.0
0.09609101340097337,0.0025115230065138093,0.49469057618476314,0.09673687704503874,78.0,0.5
-0.0012051546857589064,50.004301369496076,0.5046636447380414,0.999289076557841,84.0,1.0
0.0024056696124814493,49.99546590280593,2.0055045958339695,2.0030607890387184,70.0,0.5
0.2026785110296558,49.99667305455077,0.4984049633998474,3.001804549679158,34.0,0.0
0.10034613154443646,50.00200622747817,1.9991171005115067,2.9953099447691995,36.0,0.0
0.09966778209915546,149.9999985077209,0.5017843713519723,0.09781663750400235,91.0,1.0
0.04607319687162876,69.99495062365271,1.9996126536679173,2.002180200600199,49.10097,0.0
0.2029689797362559,49.99815692950031,0.5001974506852285,2.0010646664229936,60.0,0.5
-0.0002190575363150309,150.00156695971265,0.0005909768353037755,-0.0012777808528716896,111.0,1.0
0.09610852893781649,50.00164814253006,2.0013049049158034,0.10282302043659382,96.0,1.0
0.20128775791969086,49.999109460647496,2.0056646953735195,3.004092589896226,27.0,0.0
-0.0014591553991165327,49.99687602857597,1.0045973341837056,2.005606733027756,75.0,0.5
0.10404650627604346,150.00085839104287,2.9964555157934964,2.9981688782291114,28.0,0.0
0.1021651802539616,0.0013304711082321422,0.5008435636067305,2.999593034217853,30.0,0.0
0.0027726446162400116,-0.0015071185721877635,2.9984266358742766,0.0998882979658756,86.0,1.0
0.1017483429691148,0.003159378528648329,0.0007257312037984284,-0.0014648441156868122,97.0,1.0
0.3009549315297034,49.99833813231945,2.9998410251804932,2.004912292454976,42.0,0.0
0.10022392927642519,150.00534161774468,0.0061795834135075405,-0.0033178322568061997,101.0,1.0
-0.000347946465023254,-0.0014131723673906553,0.9967491087918265,1.9971764364614826,61.0,0.5
-0.00106068060342468,-0.0017877170019435032,2.0011380181971625,0.9958876749018188,90.0,1.0
0.09766652708314869,150.00120593366753,0.5013338774898175,0.10578921179987412,91.0,1.0
0.301434522914066,150.00088785637956,0.9986854645091916,1.0019967413315338,68.0,0.5
0.09971983168235955,149.99851730940688,-0.00028927306847254897,0.0020154876949813514,88.0,1.0
0.0018466176832310282,50.002070234264636,0.49517030071983015,0.9958214287073343,84.0,1.0
0.19642339183778462,49.997457958253136,1.0003208868733813,0.10144737391680782,80.0,1.0
0.09451150667982433,150.00058259784512,0.9988703043676214,0.9982822328947879,78.0,0.5
0.09854755187451127,89.9964309991444,1.997498393688274,1.4967049392757932,118.0,1.0
0.11732654897195827,10.00352627715124,0.00014023236584061126,-0.003971608281753922,144.67497,1.0
0.20405945642780746,-0.004858214946414301,1.0030879723251023,3.0005344556255076,35.0,0.0
0.0005769340143569214,49.99554786312989,1.0054709808399223,1.000396076626837,97.0,1.0
-0.0028725111282476103,-0.0010389128648185192,0.9996010593677286,2.997683061730491,56.0,0.0
0.20021397850168263,0.0005396347061116789,2.002830562036754,0.09462640236026999,67.0,0.5
0.3015150741281202,149.99641413453062,0.496009172499533,0.09713518919451183,91.0,1.0
0.09894754410886154,150.00139003729973,0.5037884291736274,2.0034371446682955,80.0,1.0
0.3022422985897714,150.00249825381505,-0.0004358575084278492,-0.003850491843987125,95.0,1.0
0.0014757421914110044,49.99832578559489,1.0009687564465013,3.0013061528265466,56.0,0.0
0.11699245718479272,10.005166652976461,-0.007157682848681074,0.004954692502510926,144.67497,1.0
0.12413149975130498,109.99793643179088,2.499832904683555,1.0005580865507662,92.0,1.0
0.09622735787838017,90.00205607375763,1.9985129444083607,1.503158674610893,118.0,1.0
0.0985480012974167,149.99916282006114,2.000531228431158,0.09577238695509056,70.0,0.5
0.09894569357722888,50.00241114743027,1.9971802548765485,0.1018151918093194,96.0,1.0
0.06564962651541366,39.9969422879515,0.002849655129148328,-0.001245640183046949,141.18257,1.0
0.20288982859826152,49.99728166630517,-0.0005829520057289264,-0.00425397311773859,94.0,1.0
0.008332979556328382,149.9989351208439,0.49349688825351434,2.996125211395372,95.0,1.0
0.3030637487013909,49.99585964521781,2.9994649989196303,0.09643849423328595,70.0,0.5
0.20258149990253416,150.004345522961,0.0019377904826821547,-0.00020411888063236742,101.0,1.0
0.30027775274518115,149.99798274395278,1.9998411913662308,0.09601144075293051,92.0,1.0
0.09813489267515468,50.00379695622011,2.9979231956389825,1.003918902106172,63.0,0.5
0.3032791056067991,50.00366428924486,0.999039914031656,0.09924234676261173,87.0,1.0
0.29974431656264233,150.00159734334983,2.002496946378359,0.9967234598151415,110.0,1.0
0.20382114118920544,50.000609009808684,1.995970025633481,2.99984716637942,27.0,0.0
0.19894784084513614,149.99859691024074,1.998114357435167,0.997319107205284,49.0,0.0
0.0956367240585734,49.996135040431085,-0.0011465673936361764,0.004344634948020472,94.0,1.0
0.00016384230972791875,0.0005741165255152982,0.0038804876798051516,0.0012117922138586356,100.0,1.0
0.1008769330546539,150.00102642823035,3.0008737421875225,0.9997365176974465,67.0,0.5
0.20051628313258557,149.99963958008206,0.49567203275887534,1.9985864886582358,56.0,0.0
0.29921827689260977,50.003178646912296,3.0015554281132757,2.9988716891794023,43.0,0.0
0.0328189423039322,-0.0006493973464069825,0.4996874023653201,0.9966145160131107,47.0,0.0
0.3001981548276726,50.001514050775704,2.0001292401656463,2.998262647137314,47.0,0.0
0.10415046583567426,50.00109832820947,0.00128385005843611,0.0021148401009226368,94.0,1.0
0.30057382456242493,50.002266739883815,2.9972555175688,2.998482660131287,43.0,0.0
0.0003601299548127824,149.99884386289318,1.0097373232518503,1.0007929133644342,107.0,1.0
0.10272422161934261,-0.006238206978457667,0.9992873805099156,2.002742479469716,51.0,0.0
-0.004302544964978809,150.0016125636749,1.0039804898979001,3.005209476911209,75.0,0.5
-0.0063636437723153675,49.99939780652244,2.994884785349294,1.9970283070588672,61.0,0.5
0.0007109095347825297,-0.0008433828794086976,0.004105408067441786,0.0026692934970884447,100.0,1.0
0.10823361844657103,150.00437553600477,3.001651801682759,3.001316890306061,28.0,0.0
0.2373376868009814,89.9993880120976,0.5060975449809595,1.4991798758169599,140.0,1.0
0.19133206199486574,49.9994470761623,0.9995628972089373,3.0040958951966705,31.0,0.0
0.10146013050180692,149.9973335826052,0.5011555060458411,3.0021212887641653,36.0,0.0
0.2018918346774471,49.99991755996316,1.0042054385779642,2.9996811570827417,31.0,0.0
0.20571588675460514,-0.004979719057200975,1.9980487380339986,0.10040884662295937,67.0,0.5
0.1987847874558527,50.00107725108768,2.001790996361052,0.09484906770889445,67.0,0.5
0.19972392649594334,149.9983990887454,1.9991839211823554,1.9996204605824361,42.0,0.0
0.037887600973715026,140.00297625885932,2.5007006650117463,1.5019732425865335,67.0,0.5
0.3035066594751507,-3.263945752717266e-05,0.4983814148783588,0.997921668322238,48.0,0.0
0.039347662445968226,139.99828612763085,2.502922117726104,1.5032050528054635,67.0,0.5
0.19950064803465778,-0.00020597134327644335,3.0008675655956902,0.09739645541214866,70.0,0.5
0.00014018342181591162,50.00217340407691,0.0012241357478721625,0.0010738867013286434,102.0,1.0
0.005752431205472635,150.0028182736258,-0.0013382286688325992,0.0006621467096100473,106.0,1.0
-0.0003096051063062098,50.001076340398946,0.9989373519693335,2.9992410175421615,56.0,0.0
0.19926906990018137,50.0013014291716,2.003090247778064,0.0926235756788118,67.0,0.5
0.2980950358274887,149.9991277055047,2.993460633082674,0.10150127076352443,87.0,1.0
0.296968195011077,-0.003892882701348108,0.49821271306758774,0.9995757868280698,48.0,0.0
0.19867066683127685,50.00014773738849,3.0018099477653486,2.003125296328411,38.0,0.0
-0.0016048593296161425,-0.00363148446957235,0.5014367154492401,1.9992868643206438,47.0,0.0
0.08345209294954828,110.00027112737097,1.5019174765210719,1.0039981252026224,53.0,0.0
0.002105961622718273,50.00517552960589,0.9996582496005217,1.0039245583498522,97.0,1.0
-0.001499262996876083,50.00585492955804,0.49397337761390525,1.0008487383689137,84.0,1.0
0.09529362653826272,150.0006309253804,0.003915136622068566,0.0008438576621970023,88.0,1.0
0.20046570543929165,-0.00030220231507563133,1.9992397971994518,0.10170644024225425,67.0,0.5
0.03605572581166806,-0.00045257823652291413,0.5018762278389376,0.998455139495926,47.0,0.0
0.09344165514438617,0.004662661548824608,1.0021695321565842,0.1004834090533141,79.0,0.1
-0.0005930982825764679,50.000629941461675,0.0008904793451868414,0.0013266984969854863,102.0,1.0
0.1062539177518914,49.99606990784952,0.49704165014367285,0.0998172805703496,101.0,1.0
0.09590848149387587,50.000088856340454,1.9999835859887645,0.09664189279107004,96.0,1.0
0.09895174273034874,0.0005622804014089368,-0.0008425531786723342,0.0020377871893601323,94.0,1.0
0.30257227627786065,49.99652301767653,7.518029647106864e-05,-0.004909600440929263,96.0,1.0
0.10206873667647616,19.996586010681344,0.5053158121904712,1.0080117219408304,136.0,1.0
0.10043494662552115,50.001491770454514,1.9947210573234921,0.098413522325418,96.0,1.0
0.09917142882886183,150.00027110080708,1.9994109536461522,2.0031292528670877,60.0,0.5
0.2022038573069062,49.99988076276428,0.4973347997528129,0.9954881239198816,67.0,0.5
0.00261654890649542,149.99857547744529,2.00144031931967,2.000344863816218,83.0,1.0
0.0971165755213018,90.00229631771124,1.9999145535688956,1.5016533589591492,118.0,1.0
0.3020480104617215,149.99988898523725,0.49932219697726726,2.9985720655958668,44.0,0.0
-0.0007845132752384837,-0.00194130781769014,0.0002916411379202784,0.0005626701500929208,100.0,1.0
-0.0036667426765990612,150.00052221115362,0.006383098388830809,0.0021849783826663983,111.0,1.0
0.10280125147033758,0.0021434815699482557,2.0009295730405263,3.001377341086395,34.0,0.0
0.30166063884228805,0.003482691063069953,2.0034891024102057,1.0022279842985786,79.0,0.5
0.22145827750625385,49.992364091598134,0.00068665800907047,0.004003930372376462,130.0,1.0
0.20005271039920297,-0.0018572408623822852,1.99932127487571,0.09834617039989454,67.0,0.5
0.30485575010728694,49.997280892181095,-0.0016237749180686332,-0.0037810222098224678,96.0,1.0
0.08414282504762359,10.001050434637483,1.9981170395985668,1.0007173628231307,77.0,0.5
0.30010775116648386,-0.0003895427343800753,-0.003722867783117163,-0.0011160836576620127,101.0,1.0
0.2997305668359556,49.99853052980485,0.006306052248717135,-0.0008147727481371665,96.0,1.0
0.06748777705598921,39.99709465118557,0.0007166532312151034,-0.005783665160387428,141.18257,1.0
0.29560660098630154,50.000605913456596,0.004203144637051639,0.0009157464124818548,81.0,1.0
0.002018749768523346,49.99636525203381,1.9978770741266056,0.10113368281283784,92.0,1.0
0.19453464618971905,150.0006496131503,-0.0030700295683055616,0.003212489566791359,101.0,1.0
-0.003498490783065656,-0.002301724389254698,3.003160066988764,1.0015853070141487,96.0,1.0
0.19636995798015072,49.99875831258408,3.002285420405347,1.996545023002142,38.0,0.0
-0.0009585741192955137,-0.005578049418098197,2.002002331086716,2.0034768444980275,65.0,0.5
0.295394031008966,-0.0038107835501253137,1.0024320210141102,0.10005371822919637,62.0,0.5
0.036918095914682536,139.9996017841068,2.499554579965394,1.503307333450839,67.0,0.5
0.24063363306827135,40.00082852263779,-0.004613554835831414,-0.002462761117216702,144.0,1.0
0.2031503572031334,50.00061639011217,0.9993002012619959,0.10011895123118704,80.0,1.0
0.0005240742615952534,149.9969152911134,1.0034463864925691,2.9984233762635,75.0,0.5
0.0013694963946929936,-0.0037348458338442737,2.989900466186172,2.0041783952455297,63.0,0.5
0.20436124231168273,-8.014684965966549e-05,1.9976590744696596,2.000248774015863,45.0,0.0
0.3041603233742574,0.0018485051451713915,1.0001780204587376,1.997937850555329,36.0,0.0
0.29860447041345634,150.00209456492362,2.9958798960429807,2.003259855827328,43.0,0.0
0.29933984541686376,50.002880171468654,1.0000984114238134,2.001206782693463,35.0,0.0
0.19782888347957855,0.002727130986012716,0.4972448844564552,0.9957977793751397,65.0,0.5
0.20205809043715953,49.99693159592418,1.9988483954684235,2.998343912999475,27.0,0.0
0.2303528025913939,39.996753188464275,-0.0014519293753335084,0.002427288566578718,155.11757,1.0
0.10087898400763229,-0.00031353650378370464,-0.00038775213905871734,0.003778714221977202,97.0,1.0
0.10095907563556124,149.99815904984402,0.5023164318752883,0.9996980454824497,88.0,1.0
0.0027546316748386416,-0.0014531854260645958,2.996464219102558,2.0012286128772625,63.0,0.5
0.0044520816478124114,-0.003162217599439634,0.997960959962859,0.9976243393188199,82.0,1.0
0.2818838099267428,89.9987243276479,0.004922270324542233,0.0006227140969831511,130.0,1.0
-0.00438973363833792,-2.3513567702143216e-05,3.0008495327715394,3.0007637797410776,52.0,0.0
0.0025184674011910404,0.001335809234796541,0.9965438545586177,3.002752484297161,56.0,0.0
0.0032129600416164446,0.0021546022405571933,-0.00038082942954634116,-0.001612737143323679,100.0,1.0
0.0938174330414917,-0.0024549074151173863,0.49810049872300594,2.9987521698929545,30.0,0.0
0.30114774525784505,149.99898950060108,3.00325380675612,0.9979809216927469,107.0,1.0
0.0819905181343921,129.99628875009876,1.501043538597291,2.0015417804114275,78.0,0.5
0.041626895574785494,140.00289351447202,2.495221958127171,1.5004034293493933,67.0,0.5
3.326443570452208e-05,-0.001733954124299308,0.4987668525802404,1.9968898621196651,47.0,0.0
0.09883624549215614,50.00286843094326,2.996590520749065,2.9960546436007474,28.0,0.0
-0.001568983603921336,0.0027725061974708688,-0.004989342117746789,0.0007700462588078334,100.0,1.0
0.2017339821003599,49.99534731269563,-0.0062337076614133215,5.90459741214922e-05,94.0,1.0
0.0009844022192133579,150.00458942459383,2.001146398008893,2.0004465195627446,83.0,1.0
0.10170843206611019,-0.0010900140888689678,2.9945923242533246,2.9959316563901024,26.0,0.0
0.19922640271629993,0.003985815886174132,0.00033313894444289793,0.001025682048767526,91.0,1.0
0.07562429044262563,130.0043005039313,1.4998692461543073,2.0034752515504906,78.0,0.5
0.22935909818963673,40.00206744822608,6.962667399399313e-05,-0.003198064059365106,155.11757,1.0
0.20060025102647683,0.0020627189222515705,2.99934359346937,0.09934620602624024,70.0,0.5
0.002485162644603631,50.00041640321123,0.0005402213503419904,-0.001549151287478313,102.0,1.0
0.3014284508777891,50.009811340917196,2.9999428338265393,0.09959472148910332,70.0,0.5
0.3043213783404948,49.99791018872823,0.0015932890026752599,-0.00036507096339708514,96.0,1.0
0.11588280547450099,10.006276787808918,0.0011061210192937017,0.0014360958178283212,144.67497,1.0
-0.003365665235909954,50.002579594005525,0.9971871457049332,0.0986737802462283,85.0,1.0
0.10019075273631246,-0.00210575620382243,2.0020484319435536,1.0048609032669136,84.0,1.0
0.20358672247241144,150.0060851868189,0.0025985919458417404,0.0014530894080416214,101.0,1.0
0.20363029414644088,149.99767234825657,0.5037074613652136,1.9992089440600025,56.0,0.0
0.20088921509606072,149.9982263279642,0.9990478360885019,2.997676870504948,29.0,0.0
0.09922577941337936,149.9936250654392,0.9988771690401391,0.10087825359733131,78.0,0.5
0.2327577486793493,39.999110812463364,-0.0005375498251309436,-0.0028047783549717538,155.11757,1.0
0.0025397914948346277,40.00950592521643,0.9988826768626636,0.9992776204605421,49.10097,0.0
0.06509275566753893,40.002719399441204,0.00029192099459445636,-0.0039393936142592,141.18257,1.0
0.005306404649338598,50.003206248268995,3.005098920558832,2.0005327762736798,61.0,0.5
-0.0013368929080672012,0.0026269386869722374,1.0002061374458135,1.0035807011583524,82.0,1.0
0.10188260465600185,0.002902721503084617,1.9994550785099954,0.9975562530829016,84.0,1.0
0.29744921320551254,0.0033077158389846215,0.9998137972796896,1.9985052739351934,36.0,0.0
0.0043018463889972665,150.0022160090195,0.9982380757110187,0.09839499486324618,91.0,1.0
0.20491840409457865,50.00003969024477,0.9997673538512596,3.000247287323544,31.0,0.0
0.29959067802434064,49.99973501278546,1.0040723156922404,0.10755398768520606,87.0,1.0
0.2019025518932818,49.996550903400205,1.9988000778390378,3.0023207771352505,27.0,0.0
0.10084411094069426,150.00317776272175,1.9982891004008414,2.000428986319186,60.0,0.5
0.005654051295137301,49.99518155301729,0.5017476481459965,1.0051134410551315,84.0,1.0
0.17753757858488384,50.00610084884393,0.5010659494735196,1.5025918910981915,109.0,1.0
0.19899227748763101,50.00171983843575,8.936544400375014e-06,-0.00148220590064054,96.0,1.0
0.2017837609850017,149.99647067593284,2.0000558550671577,0.09764251065516803,68.0,0.5
0.2976937004431561,49.99630582239064,3.006622606542809,0.10123434814341033,70.0,0.5
0.29853223969408,-0.000959180064280029,3.0003382534751286,2.9948012345290183,47.0,0.0
0.29696534528943164,150.0023860479333,0.9985664051360009,0.1010159636371461,84.0,1.0
0.10094551649360972,149.99830167970683,0.49802802687256,0.09799189911169466,91.0,1.0
0.10131753749148181,0.0012360845440069883,-0.002279191769019861,0.0016602797340085874,97.0,1.0
0.3000201107958476,50.00023240467275,0.9996291715282757,0.09680672530742616,87.0,1.0
0.3043364280365423,150.00390735927058,0.004029328025109957,0.003799844255899178,98.0,1.0
0.09834878271928027,0.004063625033062273,3.0013614017358954,0.09898216654433538,101.0,1.0
0.2030520684991162,0.0007321150943918552,0.0030084330307373758,-0.0012193188446242298,91.0,1.0
-0.0005271244428373725,49.999494643926184,0.9985999343222897,1.0007555022293653,97.0,1.0
0.20194763799042978,149.99761013775708,2.997413515910336,2.9990598042715524,25.0,0.0
0.2963416111690091,0.001645306437275179,1.0040230694501469,1.9994408438859215,36.0,0.0
0.20182901518879,149.99606218303245,0.9976644411238172,2.999898282357082,29.0,0.0
0.20116814080459336,149.99947229830306,1.0023171582256223,2.9974428366283363,29.0,0.0
0.09686960216366579,-0.0017346324663716163,1.0048295825128652,1.0014740108603204,89.0,1.0
0.0010857939803730638,0.0048615031697700085,2.000780036558935,1.0016145521342366,90.0,1.0
0.10427335341011894,149.99582234850166,3.0052044467144996,0.09682586651616035,69.0,0.5
0.297382378762202,0.005116169300920759,2.003812222889034,1.0017128825050552,79.0,0.5
0.19885479870563907,50.00360716273013,3.0029263989750117,2.9965576375531073,24.0,0.0
0.09643179348964266,149.99776057394305,1.0070309931625616,1.003081426074412,78.0,0.5
0.1039691501240603,50.00064063269682,-0.0006673716929862532,0.002774444221623528,94.0,1.0
-0.0009551805364435558,149.99605088340195,0.0013497528281850748,0.0027632645392694287,111.0,1.0
0.20489505673531339,-0.007448530713899469,1.0033798343480473,3.001106249953819,35.0,0.0
0.24243822012105398,90.00102903761996,0.4987683053504001,1.5009141063106062,140.0,1.0
-0.0023922451466820835,50.00145092334773,3.002689910607091,0.09831916104610522,97.0,1.0
0.002369444937306203,40.00360691777172,1.0005455758398833,1.0024855533769779,49.10097,0.0
0.2030657885206528,149.9973826441666,3.001443811540004,2.000238603714709,38.0,0.0
0.0759211504145022,10.003317942210332,1.9991775717991858,1.0007281929981426,77.0,0.5
0.1993315850229104,50.00174099196915,2.001904603253404,0.09783888601948978,67.0,0.5
0.0010241225099380804,149.9964004510281,3.001822285913622,0.09774096016606204,95.0,1.0
0.10174190481352989,150.0002801059676,3.0011900018268873,3.0039868145671202,28.0,0.0
0.20210939023966695,150.0001272166539,-0.001015482538077295,0.003850167201381224,101.0,1.0
-0.006111930745903517,-0.0031439071503938107,1.0004743968190075,2.995988865319601,56.0,0.0
0.10252676528778895,0.0014884745052943017,2.999683507679781,0.09927115951063287,101.0,1.0
0.10295465264557853,149.99578046167227,1.9976791145520036,1.9972443661075423,60.0,0.5
0.1974659913853652,150.00117318921016,2.0032011194411186,0.9997727244358142,49.0,0.0
0.20147313794049485,50.00206912222715,2.998410463651935,2.000376234835079,38.0,0.0
0.2031929378626398,150.0021838302061,2.0031149141444424,0.10064831125002421,68.0,0.5
0.12736065008666528,59.99878777848878,2.0019285345290543,1.4998651230170605,91.0,1.0
0.2958720516558044,0.002136606454300899,2.9988846340853192,0.999449151088167,89.0,1.0
0.20535598655030388,149.99797495086617,-0.004585870776132826,0.002444076078842287,101.0,1.0
0.09692068639798014,49.99998329123837,1.9994632135184098,0.9950019164938722,87.0,1.0
0.19946484869525935,50.00039602434952,-0.004350641450373959,-0.002714470911144556,94.0,1.0
0.301720454673284,150.00079461101063,1.0036687437435294,0.09735482728635897,84.0,1.0
0.30102101729392644,50.005295823932656,0.9986475443333298,2.994104725260029,45.0,0.0
-0.003258175313359953,49.99818743861984,1.9991929249139515,1.0061065152307065,97.0,1.0
0.003981603282536076,49.9957785492314,0.5057349994410861,0.09661071678813131,85.0,1.0
0.10331974253228621,150.00386254997122,-0.0011584177615355316,0.0018955311342246245,88.0,1.0
0.09344231759410412,50.002533628710744,0.5016415722491859,0.09708650208929055,101.0,1.0
0.30181582615798636,149.9976131020893,2.0018204287231574,2.9989571855697967,47.0,0.0
0.00020914477161469488,0.00020026300610493934,0.4947994028530886,0.10253792705344215,79.0,0.5
0.10618067785304948,49.99932304573641,2.0000459036435236,2.997617160750975,36.0,0.0
0.09774360648353757,149.99776634082093,1.994380281253591,1.002981146939561,80.0,1.0
0.3023339233651501,50.00492697311328,-0.005204624140687796,0.0003578851691674428,96.0,1.0
0.09956798356442068,50.00260186298993,0.49738780055281023,1.0008037969766328,89.0,1.0
0.2022049422195439,-5.447227079520321e-05,0.49626924409637163,1.0037004543475851,65.0,0.5
0.29901887715964887,50.00005515713285,2.997419018569254,1.9980780828264428,42.0,0.0
0.09996134230962096,0.006496494321228714,3.006772352501214,0.09717217485191677,101.0,1.0
0.30294571452313496,150.00065400872262,0.0001574175512408971,-8.352585729535664e-05,88.0,1.0
-0.0012859745721783885,0.0007468295673701261,0.49804839060596895,0.10415157846085946,79.0,0.5
0.19705063099123318,149.99722160708302,0.005679176822357669,0.0015680458441043672,101.0,1.0
0.301312255670303,50.00011031287588,2.00430354228322,3.000681796400907,47.0,0.0
0.3062654200571341,0.0011650469783103044,-0.0010689647374455876,-0.0019580888981226303,101.0,1.0
0.0008959798873781654,50.00176293778643,1.000975600961167,2.004020318913496,75.0,0.5
0.19748296241833582,150.00029183227088,0.49698554920098836,0.10085397039720025,69.0,0.5
0.0369486454565092,139.99943585552018,2.505626907728297,1.5061669524691677,67.0,0.5
0.29854303335739174,50.0038181300705,0.4997914010248443,0.09774018168266135,100.0,1.0
0.19955834548696103,149.99794531294972,1.0000141470961064,0.1022944933308882,66.0,0.5
0.29750186004479656,0.0010951310285919212,2.991675478035165,1.0003528309350476,89.0,1.0
0.10242838615357519,49.996042986650615,0.998139113961734,0.0987521998340013,90.0,1.0
0.10185436824056507,49.998722763992575,0.9981899110784376,0.9989898864050702,84.0,1.0
0.19766154138002975,50.00290957216832,0.006587194208497026,-0.00029746969259286605,96.0,1.0
0.006282464950019365,0.0016351706602490464,0.0027309909784157026,0.000808185130155397,100.0,1.0
0.2958351871714472,49.999980631387224,-0.0013783507811278143,-0.0019049376004808569,81.0,1.0
0.0004094096389300046,150.00083061792716,3.0066177194514716,1.002768421191284,102.0,1.0
0.13802509548001088,30.001574929679744,-0.0015116589532123586,-0.0039821447468067015,124.0,1.0
-0.0007617255900270446,-0.0032571371067889295,3.000805778926946,3.002218143675768,52.0,0.0
-0.0019033962776215678,0.0045142331534669166,3.002967279769715,1.9975200995494455,63.0,0.5
0.19818816639509004,150.00329898620365,0.0038531945628763322,0.0011205558177267638,101.0,1.0
0.10121592178881714,49.998377377240494,2.999502053210593,0.9981363056267075,63.0,0.5
0.09884511127872396,49.9974802515008,0.0011537900265685453,0.002511709369925832,94.0,1.0
0.24406120369576972,40.00226669536845,0.005533540900999731,-0.00020024361719078883,144.0,1.0
0.30029918330429856,-0.0004960498601259669,3.0025260902311826,1.998529598210575,42.0,0.0
0.2994472622391229,0.004537358981262889,2.9983928286492585,0.9989256570506498,89.0,1.0
0.2952533632512449,150.00078263375036,2.9993122174058713,0.10244500873126805,87.0,1.0
0.2005973746700338,-0.002485638466562395,2.0025712780650533,1.998558567187738,45.0,0.0
0.10194872872053871,49.99736727461205,1.0016633926367438,0.09824866723460851,90.0,1.0
0.3018344831997521,49.99937172094684,1.004256578502334,2.997968292068936,45.0,0.0
0.20585113894596133,-0.005235632697823563,1.0012202452535577,3.0015565648162514,35.0,0.0
0.20137944659029824,150.000879658457,1.0019896039033216,3.000786215986852,29.0,0.0
0.19912944553863082,0.0005611313641476411,0.4992655713026522,3.0016837756864514,33.0,0.0
0.001608098051508075,50.00058815411596,0.9988556240877857,0.9946536430666264,97.0,1.0
0.20298865607600394,149.99390801626268,-0.0007199902841383205,-0.0037010405742744536,101.0,1.0
0.004732918275797944,149.99911654865647,1.0008179731977778,0.09778805852014436,91.0,1.0
0.29838826944603875,149.99948859804104,3.000979262241588,3.0062365571639083,51.0,0.0
0.09895241362576083,-0.003358120789729768,2.998303763695368,1.5051461556162524,111.0,1.0
0.0011861614305751734,49.99613478209462,0.9985789131032204,0.1011219388031059,85.0,1.0
0.3017429803402218,150.00306112992828,0.4986949567634781,3.0029092426438533,44.0,0.0
0.10114464517123718,90.00130154552336,1.9977189056210882,1.497635915363517,118.0,1.0
-0.0018434296820771543,0.002222638579386581,2.999644105603397,2.0011388193074624,63.0,0.5
-0.0015084690022609205,50.00374725338547,0.5019779535807871,1.9952367048867112,76.0,0.5
0.303481093429,150.0048900777063,1.997853884469145,0.10003339161731857,92.0,1.0
0.0976173265041232,20.00206619023893,0.5033712009947144,0.9945323881020735,136.0,1.0
0.09807708120440946,20.000906445371935,0.4951787193488784,0.9959771268890533,136.0,1.0
0.20298096581583733,-0.0025495912217140056,-0.0035412110327909933,0.0013052555151238411,91.0,1.0
-0.00035613296666197453,149.9954454297853,-0.00020638292988442306,0.0015086271518427385,126.0,1.0
0.05004282409592494,69.99947767657694,2.0006471222063382,2.0014631778244802,49.10097,0.0
0.1982280953370158,49.99693373010683,0.5030961600469843,0.9918458544023974,67.0,0.5
0.20205114163759988,49.9995569545006,0.0014117103364994575,-0.0012720078792569447,96.0,1.0
0.1985174993700483,50.00141984141239,0.9991612708484182,0.9947032737988182,61.0,0.5
-0.0031293796381553197,0.006327431884963082,0.5039564275206933,1.9994758146003053,47.0,0.0
0.10221972070755733,0.004565960813304546,2.9980946095784287,1.5024791850322297,111.0,1.0
0.20453048956776504,149.99845902277863,2.996017563011426,1.9988663490009275,38.0,0.0
0.09954992220405304,0.004423351872238431,1.000745710601016,0.09828718708569757,79.0,0.1
-0.00024985601196044133,-3.440390250009388e-05,3.0008498110296937,3.000279863270918,52.0,0.0
0.09634070365920866,49.996574433490565,1.0015238509201323,0.09681100463991897,90.0,1.0
0.0027401471753964236,150.0023117203708,1.0020431832587713,0.09778615922383767,91.0,1.0
-0.005401944491437171,-0.002061799003520638,2.9990240157517225,3.0031470632364274,52.0,0.0
0.09875374776464782,149.99820301777933,1.9994163616190506,0.10367686182550839,70.0,0.5
-0.00236030399935182,49.99696202155976,2.999613614808849,0.0981602015052297,97.0,1.0
0.20517114053564195,49.998674867333726,0.9937777105465255,0.10588151387042034,80.0,1.0
0.2010720365650926,0.0024269375489341604,2.005590576143128,0.10106765360076247,67.0,0.5
-0.0005577108044881971,50.004344055492474,1.0013575425352061,0.9946003208495747,97.0,1.0
0.3002991756085805,49.99849716379332,-0.008258658730795359,0.0017711257422124206,94.0,1.0
0.16871227741073747,110.00063152932076,-0.0006733307644291943,-0.00045620687612110347,193.56846,1.0
0.19934510420944002,149.9956366219776,0.4987121127118809,1.00428177682251,50.0,0.0
0.20314127007141985,0.0005984392856117454,1.0039080146092996,2.9997563820497914,35.0,0.0
0.10451826480602641,149.99593875867393,0.5000539918517826,0.09623142591527778,91.0,1.0
0.07799488336231991,40.0017083941758,1.0047091420339842,1.495743530965583,77.0,0.5
0.004122181270756745,-0.00031014690508171365,0.9971160388117224,2.0021356459825945,61.0,0.5
0.10250863726275002,-0.0033762848424527684,0.49934100293603767,2.003748894156267,74.0,0.5
0.30013599518302386,0.0034731420522613092,3.0005767805202477,2.999222755794909,47.0,0.0
0.198686986354418,50.003288968795516,3.004839213794598,0.9959800529222137,39.0,0.0
0.19432947920396965,49.996256052987896,2.0032052496428077,1.9995176318889547,46.0,0.0
0.09819275457480668,0.010296472049995849,-0.003270905853517323,-0.0014773475842862396,97.0,1.0
0.3033956562755362,49.99787818148543,2.9995726904236557,2.0044213064447836,42.0,0.0
0.09665918309195991,150.00114739811016,0.0036946989395458736,-0.0007585747009870022,101.0,1.0
0.07919407266600048,39.9988700374451,0.997551038150912,1.5010895633134358,77.0,0.5
0.2023622667537159,0.0024671243842668586,2.000343504911284,0.10231424835367949,67.0,0.5
0.196070749694584,150.00142335297647,0.001503346408992806,-0.001086430156699541,96.0,1.0
0.06128730032238093,50.00453310715647,1.4993791434920363,1.4980453605491857,61.0,0.5
0.00036677353490255046,49.99691774161484,3.0036850822270567,2.004346278388027,61.0,0.5
-0.0001969654285624674,0.0008634479332076507,0.9990667750467769,1.9966258051036236,61.0,0.5
0.20198061179867144,0.005343373871931738,1.9949099014482539,0.10143760624462189,67.0,0.5
0.00020208167578094708,0.0029171273477950686,2.9998094552324837,2.9972480011269287,52.0,0.0
0.03756235934579571,140.00375918179722,2.501215372084399,1.4985736460929642,67.0,0.5
0.0011358321248159642,0.004805247383639463,0.0013529470249646536,-0.0006900129021048065,100.0,1.0
0.20506555915440536,50.00020797374215,0.4998974692321549,1.001360331041095,67.0,0.5
0.09622668338304331,-0.0006299131638733703,1.995999816789651,0.9978334542938813,84.0,1.0
0.1935209400331218,-0.0016724568075631753,-0.0001607352451930943,-0.00024238965242594647,91.0,1.0
0.0974913257785118,0.0016519292333270787,0.5037043207600577,0.9928094118435714,108.0,1.0
-0.00012709998879581702,50.000728845408226,0.994833379680617,2.0026761877563364,75.0,0.5
0.0038031789719627307,49.99980623050286,0.9975903234979915,0.999073625753904,97.0,1.0
0.1391430073184662,29.99681928882782,-0.000982231098772636,-0.0022916347369270475,124.0,1.0
-0.0012342182439698036,149.99881653916364,1.996214897052057,0.09947559689720362,91.0,1.0
0.09691066509081753,149.99950280482253,0.998174639606669,1.9972632956783947,83.0,1.0
-0.0031705909342478198,50.00065338037071,3.000408258306014,0.09944348372091429,97.0,1.0
0.001965413004742025,149.9980376670333,0.9965652711254124,0.09806702122122593,91.0,1.0
-0.0047040437546221805,49.99779739168819,0.0002553235130418475,-0.00423842614983814,102.0,1.0
-0.002819644696060932,50.001218242544475,-0.0018150437284583396,0.0005723190500077946,102.0,1.0
-0.0008267224890557977,50.00052373529415,3.0004213288080446,2.997654906160478,56.0,0.0
0.1033483206852058,0.005266668902354415,0.4981440344616199,3.0058617709113298,30.0,0.0
0.20076215541104925,149.9980338049024,-0.0025193364184368148,0.0016532662740754273,101.0,1.0
0.10036038343494671,150.0001445204146,0.49597350035081605,0.9996873058619132,88.0,1.0
-0.0008704502886796188,50.00023104127508,0.4986514504104305,1.0041771989717625,84.0,1.0
0.29988064909597584,150.00144545211066,3.0005361267059945,0.9952744606451139,107.0,1.0
0.16388129550619665,109.99689596727224,-0.0011934780199250629,-0.0010881146018117745,193.56846,1.0
0.004104562868874708,0.0006043265539069575,-0.005758058049469558,0.0019877705045600316,100.0,1.0
0.19822121333098075,149.99929501745473,0.00041396378236493677,0.00031511206312777735,101.0,1.0
0.2993381600809894,49.99803485284885,0.9984936327817604,1.999304410809027,35.0,0.0
0.300929361360133,49.997778576996126,2.000460912054447,2.0031871760279274,39.0,0.0
0.20109277012283758,-0.0012184346998772534,1.9973027945371753,0.10081126786024093,67.0,0.5
0.20284602896589038,49.996804828771225,2.0002591863232047,2.002864333323421,46.0,0.0
0.09999405436449361,149.99763057971097,2.997946381803074,0.9952140157118445,67.0,0.5
0.10243056810410589,50.00128004811462,1.9974023908207075,1.9975613809600103,58.0,0.0
0.0967478657981211,150.00012908203797,2.002872984698987,0.9992972895472876,80.0,1.0
0.19863409610202756,150.00306712833745,0.4950880607315336,0.09738533801205337,69.0,0.5
0.10126613124923037,19.995755310192482,0.5028425600308036,0.9962289290240944,136.0,1.0
0.0029282085942670135,150.00431311567598,2.0034412395024916,0.10220078653411122,91.0,1.0
0.30116670492798303,0.0007502836514669517,2.0025717746060834,0.1015769376551304,61.0,0.5
0.3065073514739812,149.9966620728164,2.000621043265892,0.10300758401522653,92.0,1.0
0.10569099379180509,49.99557503874887,3.00748708893649,3.0059970538706926,28.0,0.0
0.10259729198176552,0.0005630705961380025,3.000063282265285,3.004087779317753,26.0,0.0
0.1999504831719501,50.002253918293015,0.5005275030716398,2.9949947830210535,34.0,0.0
0.17943511258339764,50.00142306153763,0.5024157560640393,1.4997694762699505,109.0,1.0
0.03909235451977111,139.99930169039834,2.4952388094401274,1.502834207149028,67.0,0.5
0.20305070274438833,49.99773266885281,1.0020293159913527,1.9954023548670679,61.0,0.5
0.0789805134632865,39.9993511404538,0.9982878505502437,1.4974525400050729,77.0,0.5
0.29707899806018945,149.9964513230863,0.4990145820134498,3.0015306133759627,44.0,0.0
-0.0024790831478026065,49.996867463676104,1.0017083023314626,0.09550536625589107,85.0,1.0
0.14165327794981733,20.005161958529122,1.506367805227875,1.4954781576330394,95.0,1.0
0.09629825018700505,149.99652867258905,1.0017427007427329,0.11006899685525104,78.0,0.5
0.20462032320690202,149.99774910654068,0.0034574801815083264,-0.0016448336182982584,101.0,1.0
0.3041697325032274,50.00000649651484,0.49339223689509065,0.9956189661899761,51.0,0.0
0.2032393658285973,49.99645356201709,-0.004574454702063488,0.0003209814698120002,96.0,1.0
0.10515756444618228,0.002451593814849865,2.999487397329897,0.10850865074395416,101.0,1.0
0.29436371123151545,50.00669047588477,1.9992552451491923,2.9937497605230825,47.0,0.0
0.10148960518567168,49.99792361454714,2.002913187748241,3.0045404092182113,36.0,0.0
0.30454478800914503,149.99717106357463,1.9981151391035836,1.0062190732358582,110.0,1.0
0.11172557667138228,10.000182729568381,0.0013276185614335954,-0.003983849369417015,144.67497,1.0
0.3014565695602576,-0.0009211825821037593,0.5055398926757899,0.9952551821335437,48.0,0.0
0.101593179187834,50.00412818646769,2.000106115689369,3.004218366032468,36.0,0.0
0.1044635221865988,-0.002137595317700808,0.4962744213784901,0.9942758559839949,108.0,1.0
-0.0010116975981331081,50.001145928467764,0.9988492258679698,1.0045435572244508,97.0,1.0
0.09937314949073094,-0.0010784412343425773,3.005597672480811,1.4988513859758832,111.0,1.0
0.005871564412223067,50.000734877815766,1.9984897688273624,1.9958485445420617,70.0,0.5
0.1961029960457351,150.0039766012454,0.5009295539834541,0.09898593795026316,69.0,0.5
0.10026792499646979,150.0019703747782,0.499829417275364,0.9991465959151828,88.0,1.0
0.2964541359137526,50.00395636174477,3.0015758635015692,2.998471628543397,43.0,0.0
0.08531153750309661,109.99874327267304,1.5038208634180374,0.999668290035983,53.0,0.0
-0.0065112856251335356,0.0025962817366957346,0.5020898932700176,1.9959560105377459,47.0,0.0
0.29819929443794874,49.99743024618769,0.997774923939808,1.0000823140892268,64.0,0.5
0.2988052452161919,49.995223921318846,-0.003434475422087153,0.0009824909981927892,96.0,1.0
0.23759479945104434,40.001219981514645,0.0018356751701269097,-0.0017337541192352225,144.0,1.0
0.2962158378681328,50.00215670267277,3.0012185884180846,1.9968827673350984,42.0,0.0
0.2810260794266221,89.99755378998753,0.002338241152247921,0.0032969100289545134,130.0,1.0
0.10142846087709675,50.00147095453639,2.0040362410116233,0.9971601943163102,87.0,1.0
0.23864690664215993,40.00032573445267,0.0009510696176221088,0.000389819620111084,144.0,1.0
0.10328429074379632,149.9982267253226,2.9993237093005813,0.9992125478795006,67.0,0.5
0.24327163603457894,40.0004796861114,-0.001215833315787897,0.002931124920029007,144.0,1.0
-0.0002565643524079464,50.00850549165264,1.996809193211457,0.9991632912343923,97.0,1.0
0.24004881648374715,39.99773223139127,1.1351734406131334e-05,0.0002493919093710174,144.0,1.0
0.20469801941850183,50.00573427113268,-0.0045275851784538235,0.0008032439411034788,96.0,1.0
0.10276111371699065,150.00168667970897,1.0023419263486641,0.10502829638728176,78.0,0.5
0.19831281398808043,49.99864387117301,2.0014210770153533,0.0982901089133462,67.0,0.5
0.3014077098387652,49.99892220921451,2.000502634677062,0.09633350768160347,81.0,1.0
0.03936987400087865,69.99695248540556,2.0009245951931467,1.997319171954588,49.10097,0.0
0.1971809020487392,49.99656332827187,2.0025747417395543,3.0071714173086748,27.0,0.0
0.00021632988419930556,0.0017049935866091217,3.004646461457971,0.9993798854149336,96.0,1.0
0.19697256724954568,-0.004614531672099619,2.0057520261140014,1.995107595725362,45.0,0.0
0.14300260208870413,29.998839644668372,0.004472515696326978,-0.002354493898410381,124.0,1.0
0.10068872714882796,20.00365869583406,0.4976022665813162,1.0019581614229924,136.0,1.0
0.3001807736099828,49.997996664869405,2.0027828127897873,2.997342911964472,47.0,0.0
0.10464963155118986,149.9998245302721,2.998349042672081,0.9969314893636486,67.0,0.5
0.20139352688781467,50.003210458138774,0.495758280883868,0.9986794104999642,67.0,0.5
0.1042665464952805,150.00137411353833,1.007702454131912,1.0035847770546924,78.0,0.5
0.2988483145617167,149.99527705708542,1.996013274961465,2.9929378274885265,47.0,0.0
0.004800158306232512,49.99771283780681,0.49989463937274176,1.9923441337893224,76.0,0.5
0.0012419296922097827,150.00073664095586,0.5001513769144639,2.9999346187469267,95.0,1.0
0.29626377447245095,50.0026587680605,1.00203496509612,2.995897163332704,45.0,0.0
0.10248453957324387,50.00243080902157,-0.005468171857645759,-0.0019148945102973665,94.0,1.0
0.2997860542116402,49.99667796807783,0.5008657566800591,0.998393541920773,51.0,0.0
0.005004171319543643,149.9985677804193,-0.001940261688679008,-0.0015649006240251865,111.0,1.0
0.20579279802595568,0.0013501675674525643,-0.0004725103882214025,-0.0019754212445186607,88.0,1.0
0.20362248220531645,49.99556606127164,1.9965316997363962,2.998815535025007,27.0,0.0
0.19873905148696958,-0.002724856287711227,0.5081572430763923,1.0032452333520285,65.0,0.5
0.0005279149430682448,-0.0012417747519788956,0.49984035138430577,1.9991659015006389,47.0,0.0
0.1014960370890091,150.00313816819988,2.0012221916323836,0.10224189419677282,70.0,0.5
0.09550012646793878,150.0015836386962,0.9996476707824791,0.9985599536644295,78.0,0.5
0.10276452501799932,150.00122792090198,0.00013729084212403097,0.0022625002007135623,88.0,1.0
0.10087574108666118,0.0006087451433645004,0.49927577471537754,0.10246180311025312,78.0,0.5
0.29683613439775125,0.0033560581055513293,0.5018442720177323,0.9973029901459948,48.0,0.0
0.3003326012373049,49.999262842779416,2.0056391336138653,1.9973124241720026,39.0,0.0
0.2972424215928999,149.99862640220735,-0.0007212503299231006,-0.005153017332098681,98.0,1.0
0.21783182046404848,50.00149892146371,-0.0020011556203706803,0.006584637176479664,130.0,1.0
0.1593490186638052,109.99909825436427,-0.0008194177912715016,-0.0005672545278459574,193.56846,1.0
0.003748381537871428,50.00236855922446,0.9960463226697701,0.9969181402494197,97.0,1.0
0.09915789279836558,0.0008543996426253237,0.49845866960198315,0.09858607894688722,78.0,0.5
0.09527897466938552,150.00317351377498,2.995792559810625,3.002217605577825,28.0,0.0
0.2064431145370963,150.0003657639608,0.9973876518075758,0.1041049300586773,66.0,0.5
0.09852343886156181,-0.000964624789991274,2.9973294607031127,2.9970824520043218,26.0,0.0
0.09978980787721743,150.00024651479433,3.0050217605776037,0.9960757413676004,67.0,0.5
0.2035584304593389,0.0005919564066502112,0.4976748958863171,3.0021619264457255,33.0,0.0
-0.003335222756419129,49.99760913500833,1.0015498185945468,1.0020827341897443,97.0,1.0
-0.002458171486424435,49.99815249688941,0.0021736512305756683,-0.0015541148759198233,102.0,1.0
0.09887875471904414,50.003577349021626,0.0002951643830155197,0.0014970115940939935,94.0,1.0
0.20114245898185518,49.99594201240409,0.5010053987145876,1.9996374311304677,60.0,0.5
0.3003423847889193,-0.003981599071582164,0.9933544567333126,3.0007456363615685,42.0,0.0
0.30539962164814055,49.99908663743546,0.9969893249241095,0.09634228817495008,87.0,1.0
0.30085894850061196,150.0035983684774,2.001510098244285,3.0029896769115356,47.0,0.0
0.10633144403155194,-0.002711038683268668,1.0004499812143801,0.9929855341154021,89.0,1.0
0.2036361508514974,49.99628676682079,0.4970350879721504,3.0035007045602926,34.0,0.0
0.09750000029765908,0.0006733027927521311,0.4973935059472311,2.0010508861077594,74.0,0.5
0.24542268032794304,39.99251726390363,0.0052276763931774686,0.0017056140288823837,144.0,1.0
-0.00026061851658177156,0.0075717952139187795,-0.003014488817528327,-0.0006255431291432278,100.0,1.0
0.19869081269757663,149.99575763115755,3.005452332164626,1.999719635273487,38.0,0.0
0.20300559625327474,49.999798999190446,0.49861946723981404,1.0006351590666611,67.0,0.5
0.2995452841547089,49.999261643015764,2.999213362029283,0.9997709768988797,101.0,1.0
0.0012090525235394015,50.0070484529478,1.9966857190333145,3.00434174620813,61.0,0.5
0.0008058858848694313,50.006070488635295,1.000594738168026,1.0005816177184752,97.0,1.0
0.3027734999822804,149.99752751363116,2.9970614257582735,0.09850912461560879,87.0,1.0
0.09442469066133989,50.00388262807351,0.999490622790531,0.9952702136266482,84.0,1.0
0.0958677060346787,150.0001149137878,3.0005350777112607,0.09665133318715503,69.0,0.5
0.29843770546689363,0.001394538907140332,1.001133451851096,2.9976578696845304,42.0,0.0
0.1017593679200037,149.99816242651036,2.997291349921563,0.10196425370508595,69.0,0.5
0.08022123581856536,39.99657187228238,1.0063379501872516,1.4964005533318292,77.0,0.5
0.20360630964311233,149.99777484961936,1.9963092088224486,2.0032311170680113,42.0,0.0
-0.002349869209568092,149.99992230910166,3.0003181215941783,0.10108193689842954,95.0,1.0
0.29597354666819775,50.00081687266642,1.9991248390733072,3.001402119919837,47.0,0.0
0.29946377332041035,50.00582262848054,1.002756655814698,0.09783883848006127,87.0,1.0
0.302185703870767,149.9958461515969,2.001105970506867,0.10344698134395128,92.0,1.0
0.10254541473329541,49.99907234371434,2.004189778207983,0.09882913749323645,96.0,1.0
0.10189931657217277,150.0011147612407,1.9971707673706627,2.0012106764977973,60.0,0.5
0.2065599907354898,150.00107071197314,0.9978684366773589,2.996889258480686,29.0,0.0
0.11601433652652218,60.0004748286049,1.9989117799892953,1.4976898747577982,91.0,1.0
0.29985938461154776,0.001989535930072014,0.4975963287045914,1.9998114654069283,35.0,0.0
0.2009547394145522,49.998812959724276,0.503494862488642,1.9996215011899183,60.0,0.5
0.07767578870515093,39.9936568295127,0.9971353146519751,1.498467057035626,77.0,0.5
0.1011986906873093,149.9999388728033,0.49841296508082894,0.9988176773038916,88.0,1.0
0.20380497464813377,49.99978751273162,2.0015886744163036,2.9977325827591854,27.0,0.0
0.0017669583966967938,49.9978932962262,0.4997121312584153,0.9996249251859167,84.0,1.0
0.0008313020052115955,150.00855763376475,1.0000451528949403,1.9994551706981358,81.0,1.0
0.2986748290863196,149.99569611642121,3.0003440758155744,0.9994461730426889,107.0,1.0
0.30487907811365256,50.00339206720234,0.5006615575906453,0.09835518792511576,100.0,1.0
0.0015699582350627674,50.00036849997189,0.5035206661252541,2.0045204712083526,76.0,0.5
0.20468401384087384,49.99826016434478,2.004311502368048,2.0050130441875993,46.0,0.0
-0.0034387733105113944,150.0023447660807,-0.004210307975838873,-0.0006528899409397808,111.0,1.0
0.29538254162659655,49.996171152364575,-0.002829801871586547,0.006080395836317073,96.0,1.0
0.3052628596025982,49.99803837231555,0.9999580208564253,1.0009043062092953,64.0,0.5
-0.0030597066447915493,150.00203400928348,2.0009360974562784,2.000647820490603,83.0,1.0
0.14268162884585647,19.998711539192602,1.4998708931511993,1.4991772992885812,95.0,1.0
0.09477460089904027,149.99659500086548,0.49957528680002194,2.999209564105348,36.0,0.0
0.09965459418344513,150.0035558427364,1.9972559702006758,1.9994970310984155,60.0,0.5
0.24830483470581471,50.00290862677789,2.9968218190740648,0.9965904440819172,51.08921,0.0
0.10372242283328319,149.99752920631892,1.001776073551284,0.9968668660738181,78.0,0.5
0.300341232829397,50.001273477514175,-0.002052634053125753,0.0004673349334773858,94.0,1.0
0.20550422224621365,50.00300470341122,0.5047901158896846,2.998830700770522,34.0,0.0
0.29424612688925117,-0.0021263538412291663,2.0014444758138765,0.10256702637342832,61.0,0.5
0.2420393133465968,40.00717877697021,0.00010803136388338865,-0.000182255367451205,144.0,1.0
0.2993299752627083,149.99605779477253,1.995712197367121,1.0004694139394792,110.0,1.0
0.19343820606669687,0.007375533355677678,3.0023170573457074,0.09713515493331648,70.0,0.5
0.20324994699840457,149.99898965898763,0.5054309865915713,1.0002693581603503,50.0,0.0
0.20366776157287617,150.00283871210874,0.49673769718812844,1.9984645650971664,56.0,0.0
0.1990631459808415,0.001952204679692588,0.5017914695748812,0.9999910222829285,65.0,0.5
0.10103248640981657,-0.002348199940040928,0.9986169845849012,0.10014336026618859,79.0,0.1
0.10598953504057236,49.998661108874636,0.5007275865470202,0.10686226380071168,101.0,1.0
0.1985865204757907,50.00038311491736,1.0015162432702007,1.9961620660842885,61.0,0.5
0.09741119735624942,149.99949145813562,0.4972767021439411,1.003913283687624,88.0,1.0
0.2520950269745507,49.99492118782859,2.996047491418629,0.9977897282008436,51.08921,0.0
0.005953409455281815,149.99386174324323,0.4993997614879794,2.9959357841491263,95.0,1.0
-0.0008929289726460832,-0.0031319522450636815,0.4956352056890075,0.09732751255279218,79.0,0.5
0.1952252872813391,-0.002594195742859296,3.001574717337159,0.10116149768189282,70.0,0.5
0.23059373857325063,39.99695585502313,-0.0007318896456048946,0.002074537668004507,155.11757,1.0
0.29872886392139913,50.00013952801604,1.9946802732307443,1.0007849102475184,88.0,1.0
0.09856552092441614,-0.0005447633447183444,3.000590895724144,1.4984634984367258,111.0,1.0
0.3018098764775336,0.0010475914630712075,2.9978567982543796,3.003042099340036,47.0,0.0
0.30229224883462347,149.9981034599052,0.49634077941530436,0.09858867189621816,91.0,1.0
0.06927791233238213,19.998565691161755,2.001671290350168,1.4966134858164182,52.42047,0.0
0.0760471540740279,19.997408290643587,2.0048922684798143,1.4998773117255189,52.42047,0.0
0.19959654858745562,150.00294630916807,3.001092235294555,2.001128333356632,38.0,0.0
0.3003330396031552,149.9970748205778,-0.0022973259044836844,0.0002831852244520619,88.0,1.0
0.20289405718824652,50.00220841314316,0.5021589926967773,1.0005875743889912,67.0,0.5
0.08334281140498637,130.00735631590743,1.5023960187465153,2.0000241828122767,78.0,0.5
0.2988775063464637,150.0022103755069,0.99392592885728,0.09923026377355397,84.0,1.0
0.19931486453579733,150.00208861480746,0.49771671964669906,0.0992030651887442,69.0,0.5
0.0983511793071691,150.00007007265907,2.9950849181096424,0.9971271926875624,67.0,0.5
0.09983589832464423,150.0011917065094,1.9991553163693732,0.10561368258131563,70.0,0.5
0.0964791374608665,0.004667038316341751,2.9988513915908666,1.0022118382841636,82.0,1.0
0.302423735915464,49.99846356785224,0.006421545835605556,0.00043535346523893606,96.0,1.0
0.29703200183496264,0.005603177098903252,0.9999869844450402,3.001847929761581,42.0,0.0
0.04666869908035975,70.00006767649124,2.000876134135749,1.9994723724314185,49.10097,0.0
0.09778888705338795,0.0011163451988290103,2.0116737101163236,2.999245443552186,34.0,0.0
0.2991477851833457,-0.0009396281106708289,0.9968362823302916,3.0041727641907023,42.0,0.0
0.10089575087523488,149.99892017557497,1.997394741787064,0.9992230120047776,80.0,1.0
-0.0025149675391893237,-0.0023580115796096265,3.0008709866141032,1.997978791611901,63.0,0.5
0.20310799846322877,149.99940192879976,3.0019142524324627,1.9998055376701898,38.0,0.0
0.16147751950113753,110.00236987491496,0.006114415082528155,-0.001256268841293727,193.56846,1.0
0.09690234123044178,0.0011641902309960795,3.0036884297617585,0.09568484754011833,101.0,1.0
0.29891877682025597,149.99698160034478,2.0014479918518924,2.996832704385369,47.0,0.0
0.10137917142354287,150.00501326270256,1.0001510491455894,1.998662116086542,83.0,1.0
0.10160961199618701,0.003201350289225166,3.0019614935388867,2.9974253421996364,26.0,0.0
0.0006773154858369054,0.001908253934283752,3.006601325858125,0.10447313246187571,86.0,1.0
0.19472547043929284,150.00095829313102,2.005300832134757,1.0003215244324273,49.0,0.0
0.09917625169766216,50.000235437052034,0.49720054020848936,0.9981590269841064,89.0,1.0
0.10186192135232061,150.0049663163319,0.49747094626393873,1.998084146916525,80.0,1.0
0.20160697404303396,0.0010895429913663941,0.000292542004954312,0.004220817590058657,88.0,1.0
-0.004255479225180655,149.99891889688072,1.0034566304562396,2.001770199054039,81.0,1.0
0.19494776270839337,49.99999458445555,0.002693691926571729,-0.004225847268479787,96.0,1.0
0.13995796927550697,29.997550832311678,2.6289436520006355e-05,-0.0007616218193537191,124.0,1.0
-0.006269730224708195,50.003218160022875,1.9942680575442733,0.9966955208074487,97.0,1.0
0.09812094998091121,50.00721942800301,1.9996534073404548,0.9962194463045334,87.0,1.0
0.1011198640126791,4.40415074837469e-05,0.0032159416941893526,-0.002260969314753726,94.0,1.0
0.004049504327451871,0.0007657289011160319,-0.004191642967941932,-0.005050631579268568,100.0,1.0
0.09788898981811456,49.996863261859595,0.5002148552968979,3.003517160818619,31.0,0.0
0.29730544292251954,49.99208689374325,1.0040431652593977,0.10125381991027912,87.0,1.0
0.19883182488189208,49.99862121991635,0.0013978176046242387,-0.0026401169316439548,94.0,1.0
0.2064853120554068,149.99518642678305,3.0038988914972524,3.005563063395557,25.0,0.0
0.08093413731590274,10.000770699608008,1.9981325465266393,0.9958865018595648,77.0,0.5
0.30260322030103065,49.99795041077015,2.0056107809162635,2.9999023108398557,47.0,0.0
0.30236052554339604,150.00411608063231,-0.0021063773550988943,-0.0011173452024135484,95.0,1.0
0.2993817479300935,-0.005765380598048525,1.0026104289292483,1.9988341932213207,36.0,0.0
0.08114650523155086,10.00039248798644,1.9994590279423234,1.000193296940761,77.0,0.5
0.003464215470392134,49.99919232070764,2.00120584571865,2.000606590798659,70.0,0.5
0.2997095581874919,49.999056784992966,2.997898067693323,1.0024364868120041,101.0,1.0
-0.0036495426167157397,150.00438539687252,2.0016781549371583,2.002686097185109,83.0,1.0
-0.0025835680971911645,149.99838454723545,-0.003861771594384327,-0.0030481992858777196,106.0,1.0
0.09364780254220358,149.99832537722043,1.0033665400649043,3.001373970865436,33.0,0.0
0.10051198908560253,89.99648574406413,1.9996091789847803,1.4971073515661457,118.0,1.0
0.09795958481644877,-0.005372971024544531,2.0022370950968686,0.9998016924489974,84.0,1.0
0.19852952547165717,50.000759813419336,1.0044706156407908,0.1030657371112382,80.0,1.0
0.2973071118139291,50.003617938425386,3.003737439519393,0.09316136018249348,70.0,0.5
0.09700102205169005,-0.006072505602274587,0.002219577093015792,-0.002694140474097354,94.0,1.0
0.005227104471455761,0.0021513308815734266,0.9996327533442358,1.9968779130427425,61.0,0.5
0.2012002411784366,149.99887297229532,1.0018956392780913,2.9962886712977657,29.0,0.0
0.0018329108076621083,-0.0009445331850144562,3.6967106164521944e-05,-0.001318621510116914,100.0,1.0
0.09923432722837656,50.000669182995544,0.9989906056839241,1.001277078104045,84.0,1.0
0.20362762397945944,-0.0014800649579161866,1.0025229707465098,3.0024395606181593,35.0,0.0
0.09567573374261637,49.99567596069356,2.001792148482571,3.0033623275772934,36.0,0.0
0.20177660641561615,49.996224639115084,0.49733637489867893,0.9999642266364189,67.0,0.5
0.001984534470319699,49.99829518235311,1.000082842871476,0.9987674789179324,97.0,1.0
0.23799622389934041,89.99928894924695,0.4975491299239076,1.4998890231095507,140.0,1.0
0.07031919882646297,99.99964123682433,1.0042408441116275,1.4951045644698313,64.41909,0.5
0.22912954199657756,40.00232261225782,-0.0007935480475901479,-0.0005864385006586919,155.11757,1.0
0.30564447547296214,0.001124340042275081,0.001778668140938973,-0.00290831816577341,78.0,0.5
0.0032440042753631958,49.9963570355881,2.0052085786615748,3.0040571074838125,61.0,0.5
0.10349851381297186,0.0032594512555098837,2.995279866738569,1.0040991941605928,82.0,1.0
0.09945458884828318,149.99936824943939,0.5012438826985975,0.9979651859247608,88.0,1.0
0.20019201742690518,50.00137374983619,-0.0018178567847342718,-0.0024160489034102573,96.0,1.0
-0.0012348537555433904,0.00036039259411780705,1.0010430177997887,1.9968422682901281,61.0,0.5
0.30173337687778423,150.00059405759438,0.0010634768711483245,-0.004126058769820895,95.0,1.0
0.10135529902024341,0.0014353909427211595,2.9992570450744354,0.09997502596936035,101.0,1.0
0.11659652925606723,110.00175183146769,2.5000695003791678,0.9979741397608983,92.0,1.0
-0.0009787334883047411,149.99924418487572,3.00095862209146,1.0005669826242078,102.0,1.0
0.10025183924661892,0.002557997278945121,0.0013614343304297605,0.0049583671491721226,97.0,1.0
0.24335772010198534,90.00258324614462,0.5003903594084523,1.5032990738928445,140.0,1.0
0.2034387885164965,150.00263190304977,0.503631363355945,0.9989409991826266,50.0,0.0
-0.0012927636070489312,49.99696659870852,3.0020126796101247,0.09912789259290716,97.0,1.0
-0.003855923605369091,0.001068977643952916,1.001254486701289,3.0005047848126805,56.0,0.0
0.07498255232953463,109.99575544113483,1.5027727883546462,0.9980297710608197,53.0,0.0
0.1151485984021502,109.99532504029469,2.5018522968102683,0.9993227596995559,92.0,1.0
0.299319361229737,149.9985973889539,0.9979327049675004,1.00384286786816,68.0,0.5
0.2986519188802767,149.99831292035125,0.5024174212003406,0.09887488164158087,91.0,1.0
0.2012675061449953,50.00167064216027,-0.0013569650858625845,0.003332129508496126,96.0,1.0
0.0014242370451701292,0.003932371148045154,2.9980690800512417,3.006726099315409,52.0,0.0
0.10356484566043991,-0.0015033453090070262,1.0016247759688681,2.0011367840123735,51.0,0.0
0.30000993952705046,149.99760839692087,-0.004115565450903639,-0.0009829910567433462,95.0,1.0
0.09946538647248052,50.00028743788835,1.000966774443757,2.99574523111991,34.0,0.0
0.09599993973574752,149.99764615957196,0.003739305560431873,-0.003895229661201076,88.0,1.0
0.1167645964963199,9.996965691633907,-0.0030334683176679225,0.0001867730416859075,144.67497,1.0
-0.0007709305738583691,49.99524503728471,1.0017033401579476,3.000200588156912,56.0,0.0
0.10076386504396757,150.00018772890567,2.9972955291584413,0.10182757863444968,69.0,0.5
0.30097754865375287,50.003765905999515,-0.0007617736570860322,0.0015428655830180102,96.0,1.0
0.0023908516183058144,9.037671468373216e-05,1.0008406621366355,3.004133827310105,56.0,0.0
0.2965799379425885,49.99705929136176,3.000065160515812,0.09886064720650509,70.0,0.5
0.10259463661204864,49.99669587657658,0.006708648844825502,-0.008093838834648369,94.0,1.0
0.3010967918224068,50.00054632361295,0.9984943613829684,3.0024146491233097,45.0,0.0
0.2039401772069586,49.99876637771618,2.996126883566547,2.9946706515486285,24.0,0.0
0.2991570887027287,149.9955636678098,0.49766499359507044,0.10540667610501739,91.0,1.0
0.30199802610221615,149.99892295364504,2.999624429591665,0.9930205355307647,107.0,1.0
0.09890363971977019,49.99719194786018,0.9979173672695054,1.0013513214584686,84.0,1.0
0.0027719021255608414,-0.0014832710536795946,-0.004646489223502568,0.002712688474037328,100.0,1.0
0.06672982378248477,99.99861023707975,1.0023811708825778,1.4967552181370705,64.41909,0.5
0.00012216430585909043,50.003998675432314,0.5036173793535372,2.001786704481665,76.0,0.5
0.10061950837665043,149.99592586739163,3.0018380451348254,3.0039521127610427,28.0,0.0
-0.001198029187088155,149.99814786729632,1.0039941167929114,0.9957010789177261,107.0,1.0
0.29943066470369833,0.0012008161368912095,3.0000955560609577,1.999651800281165,42.0,0.0
0.20186730688593116,-0.0032375149967620153,-0.0006838512355852089,0.004591406903920043,91.0,1.0
0.1969909373906849,49.998885613188854,2.9981856190149885,3.003122733097206,24.0,0.0
0.2976102932621553,49.99888864964859,2.9996917118146067,1.0006501519121904,101.0,1.0
0.002478911784744974,-0.0017749581454350254,2.0039577642994497,0.9968314269652966,90.0,1.0
0.29859912400454264,149.99957020232927,1.9986699854300152,1.001907428117936,110.0,1.0
0.1994399969135134,150.00747529788066,0.4992625785059792,0.997973249141492,50.0,0.0
0.2993852499572053,49.99963359672971,-0.004888318453330801,0.005675999871068019,94.0,1.0
0.19386267084621656,-0.0014869606612323602,1.9991718552412483,1.0024224958463688,70.0,0.5
0.29836019190703866,0.0036819156414407248,0.49594360866442994,0.9982325208216132,48.0,0.0
0.20444147441791946,49.9968804146821,1.001096115256961,0.09731409989569899,80.0,1.0
0.1952093552694481,50.00088622200891,0.0019685061392759823,-0.003713337487908508,96.0,1.0
0.30264763671216505,0.003157972211053193,2.0007298510024,0.09736310396174477,61.0,0.5
0.10463987204931431,149.99671374176793,0.5009803026830622,2.0022249058369006,80.0,1.0
0.30271062953314687,149.996951799325,3.000582088401362,0.10273474913244039,87.0,1.0
0.10172728055727613,-0.0006025398193099786,0.5055358018116701,0.1010601715391174,78.0,0.5
0.19843337181946794,149.99845277100587,1.9986210683665184,1.997323978624176,42.0,0.0
0.2980761411266625,0.004460501749444198,0.498700565067005,1.991994175973161,35.0,0.0
0.19942077846119433,50.001708123103526,1.008312106615274,3.000878661024914,31.0,0.0
0.1961378952480481,0.0006085408106548603,2.0052064783179757,1.0036445229002542,70.0,0.5
0.09949169819531385,149.99748506404225,0.5006504881132632,0.09728696360004274,91.0,1.0
0.3022164658039216,0.002862816102191984,0.0016457550330136878,0.0014481373513933662,101.0,1.0
0.17869558647088035,70.00251653316819,0.5034160279075512,1.0007382589515563,91.0,1.0
0.2497388923626447,49.999995232484494,3.0045354441598535,0.9980925976746489,51.08921,0.0
0.17590152572024984,69.99928037518656,0.5020038304996843,1.0008304601359614,91.0,1.0
0.0038965431260833535,150.00107643017807,1.0019060153954364,0.10449631422517795,91.0,1.0
0.2983628775801875,50.00019441934618,3.000192162621,1.0020740788643008,101.0,1.0
0.20238371570604335,50.00314528142245,1.9972312960040868,3.0003654622949343,27.0,0.0
0.27742733426479194,90.00463904169972,-0.005681691873786611,0.0025954922521617112,130.0,1.0
0.20004971567529267,50.005465273917025,0.001661596321983741,-0.001989221478245824,96.0,1.0
0.00029446099834989404,50.00210099088425,2.0021666766889092,3.0018143532788066,61.0,0.5
0.0058614724797886745,-0.004426581781078087,0.001563435923893095,-0.004615285110669935,100.0,1.0
0.29887232403779157,0.00479465682369729,0.9961194050908412,0.09739661747760162,62.0,0.5
0.2154649710497258,49.9983623641884,-0.0031757385498384968,0.006198619148572259,130.0,1.0
0.0018643058974313008,-0.00015869543592925007,2.999131987632525,0.9996411898857381,96.0,1.0
-0.004012623878513877,50.00218621071568,-0.0047914643556434405,-0.004418981801982402,102.0,1.0
-0.002628386101854374,49.99967198360219,2.9936272647037727,0.09450787116805744,97.0,1.0
0.2969807044808696,0.004182463641284772,-0.001572603007284026,-0.0004546903346195067,101.0,1.0
-0.003484493515227641,-0.001338650249709455,0.9937055443478442,1.00138648909437,82.0,1.0
0.0649463776915223,100.0021745609835,0.9958168425429966,1.4972426445104892,64.41909,0.5
0.2188956163991395,49.997376231419025,-0.0009840401255342389,-0.0028531219676135107,130.0,1.0
0.09815761542082199,150.00062480366398,-0.000930142394308547,0.001610055802839303,101.0,1.0
0.10215972905685868,50.00164960299502,-0.0019513373621154332,0.0006752671983917485,94.0,1.0
0.3025343582066645,50.00009726822448,-0.0010625702884062686,-0.004626748508277013,81.0,1.0
0.19903754459212963,149.99830065435677,0.500576172120044,2.0007593155698395,56.0,0.0
0.09927976536618599,50.00126759152236,0.4999204848825872,1.00145580600238,89.0,1.0
0.09813405024196488,149.99717246421477,0.002317569846154312,0.0035546344245458244,101.0,1.0
0.10106985210317608,0.0005620270765304469,3.001725109763194,0.10142109869942312,101.0,1.0
0.09592563329492898,49.99742402844739,0.5028812736997935,0.10123177837027802,101.0,1.0
0.09875989847048794,149.99708404170678,0.0008926810184835567,0.00043825529674657737,88.0,1.0
0.10016560506717934,150.00020051814937,0.9965192054406612,0.10216782643655635,78.0,0.5
0.2050218181135127,-0.0035176911135910965,2.000092244099187,0.10468153597665429,67.0,0.5
0.2965714345350548,150.00087417016172,2.995784273076327,2.99928010187839,51.0,0.0
-0.005117778417588794,149.99515546475783,0.502381922192457,0.09937607162572465,91.0,1.0
0.1042951494545949,149.9983982058568,1.9961131844885787,0.9974598322968543,80.0,1.0
0.07790295801674366,9.999858787075775,2.000578561580475,1.0009598137582731,77.0,0.5
0.29751925453021716,150.00130056766065,0.0006627865756023712,-0.0018164058912112945,98.0,1.0
0.09980740958164654,-0.0027925724222110145,0.0005365307616628517,0.002263436600553016,94.0,1.0
0.29687075453029266,0.00824890920388591,3.0009323756996893,3.0029772700941972,47.0,0.0
